Workbook
Name Yes: 'PUX ICs'!$T$2

Sheet Definitions & Instructions
A1: Instructions:
A2: Note the most current trending rating from Aug 25, for your Employee in column L ,M, N (PLEASE DO NOT CHANGE) . Column O is pre-seeded with Aug 25 Talent Assessment Mappings and will be discussed during PUX Calibration Tues.Dec 2 , please modify based upon a combination of observations and feedback received .
A3: The columns M, N and O will auto-populate to help you decide if the performance vs the potential has been accurately plotted per the definitions.
A4: Add notes on where you need support from the discussion or if you want to call out any feedback in advance of the discussion. For example: if someone new in role has been rated Strong or Needs Focus or will be presented for a promotion
A7: Performance: Consistency and level of impact in current and past roles (Low / Medium / High).
A8: Potential: Likelihood of success in more complex or senior roles (Low / Medium / High).
A11: FY25 Talent Indicator | B11: Talent Mapping Position [Performance vs Potential] | C11: Development Focus | D11: Development Action
A12: 1. Underperforming Talent | B12: Underperforming Talent [L,L] | C12: re-assign or manage out of Alteryx | D12: Make A Plan - Identify a plan to improve performance in partnership with HR
A13: 2. Solid Talent | B13: Solid Talent [M,L] | C13: consider expanding current role, explore lateral/development opportunities | D13: Develop in Role - Identify developmental activities to continue to grow their skill and set them up for success for anticipated progression
A14: 3. Expert Talent | B14: Expert Talent [H,L] | C14: leverage experience to mentor and growth others | D14: Develop in Role - Identify developmental activities to continue to grow their skill and set them up for success for anticipated progression
A15: 4. Inconsistent Talent | B15: Inconsistent Talent [L,M] | C15: re-establish performance expectations in current role, drive performance and re-evaluate in 6-12 months | D15: Evaluate Fit/Make A Plan - Identify a coaching plan to improve performance
A16: 5. Core Talent | B16: Core Talent [M,M] | C16: identify performance barriers, explore potential to expand responsibilities in current role and discuss career aspirations (ideally for talent new in role) | D16: Develop in Role - Identify developmental activities to continue to grow their skill and set them up for success for anticipated progression
A17: 6.High Impact Talent | B17: High Impact Talent [H,M] | C17: expand responsibilities in current role, identify key experiences and increase executive exposure | D17: Differentially Invest - Ensure career discussions are happening regularly? Do they have an individual development plan? What opportunities exist to accelerate development and growth? Revist talent often to plan for next steps.
A18: 7. Emerging Talent/ Off-Track | B18: Emerging Talent /Off-track [L,H] | C18: drive performance in current role and re-evaluate in 6-12 months | D18: Evaluate Fit - What is causing them to underperform? Are they in the right role? Do they need a mentor and/or additional guidance?
A19: 8. Growth Talent | B19: Growth Talent [M,H] | C19: identify performance barriers, explore potential to expand responsibilities in current role | D19: Differentially Invest - Ensure career discussions are happening regularly? Do they have an individual development plan? What opportunities exist to accelerate development and growth? Revist talent often to plan for next steps.
A20: 9.Top Talent | B20: Top Talent [H,H] | C20: identify stretch experiences or temporary assignments, increase executive exposure | D20: Differentially Invest - Ensure career discussions are happening regularly? Do they have an individual development plan? What opportunities exist to accelerate development and growth? Revist talent often to plan for next steps.

Sheet PUX ICs
A1: Employee ID | B1: Worker | C1: Business Title | D1: Job Title | E1: Job Profile | F1: Job Level - Primary Position | G1: Hire Date | H1: Tenure Category (Months) | I1: Time in Job Profile | J1: 2023 Completed Performance Rating | K1: 2024 Completed Performance Rating | L1: Aug 2025 Talent Assessment Performance | M1: Aug 2025 Talent Assessment Potential | N1: Aug 2025 Talent Assessment 9-Box Label | O1: FY25 Talent Indicator | P1: Talent Mapping Position [Performance vs Potential] | Q1: Development Focus | R1: Development Action | S1: Notes | T1: Promotion Readiness | U1: Worker's Manager | V1: Management Chain - Level 04 | W1: Management Chain - Level 05 | X1: Management Chain - Level 06
A2: 103175 | B2: Adam Neylon | C2: Principal Product Manager | D2: Principal Product Manager | E2: Principal, Product Management-USA | F2: PT5 - Principal | G2: 44634 | H2: 3 - 5 Years | I2: 1 year(s), 10 month(s), 11 day(s) | J2: Leading | K2: Leading | L2: High | M2: High | N2: {=IF(OR(L2="",M2=""),"", IF(OR(ISNA(MATCH(L2,{"Low","Medium","High"},0)), ISNA(MATCH(M2,{"Low","Medium","High"},0))),"",_xlfn.SWITCH(L2,"Low",1,"Medium",2,"High",3) + 3 * _xlfn.SWITCH(M2,"Low",1,"Medium",2,"High",3) - 3))} -> 9 | O2: 9.Top Talent | P2: =IFERROR(VLOOKUP(O2,'Excel Table (Do Not Format)'!A:D,2,FALSE),"") -> Top Talent [H,H] | Q2: =IFERROR(VLOOKUP(O2,'Excel Table (Do Not Format)'!A:D,3,FALSE),"") -> identify stretch experiences or temporary assignments, increase executive exposure | R2: =IFERROR(VLOOKUP(O2,'Excel Table (Do Not Format)'!A:D,4,FALSE),"") -> Differentially Invest - Ensure career discussions are happening regualrly? Do they have an individual development plan? What opportunities exist to accelerate development and growth? Revisit talent often to plan for next steps. | S2: Career discussion with Laura and Lindsey in November 2025; commitment to include in Laura's team leads group and requested to join December Offsite; In current position 1yr10mo | U2: Lindsey Zibell | V2: Laura Williams Argilla | W2: Lindsey Zibell
A3: 106384 | B3: Adriana Rybarova | C3: Lead Product Designer | D3: Advanced Professional, UI/UX Designer-CZE | E3: Advanced Professional, UI/UX Designer-CZE | F3: PT4 - Advanced Professional | G3: 45966 | H3: 0 - 3 Months | I3: 0 year(s), 0 month(s), 14 day(s) | O3: 5. Core Talent | P3: =IFERROR(VLOOKUP(O3,'Excel Table (Do Not Format)'!A:D,2,FALSE),"") -> Core Talent [M,M] | Q3: =IFERROR(VLOOKUP(O3,'Excel Table (Do Not Format)'!A:D,3,FALSE),"") -> identify performance barriers, explore portential to expand responsibilties in current role and discuss career aspirations (ideally for talent new in role) | R3: =IFERROR(VLOOKUP(O3,'Excel Table (Do Not Format)'!A:D,4,FALSE),"") -> Develop in Role - Identify developmental activities to continue to grow their skill and set them up for success for anticiapted progression | S3: Just hired. | T3: No | U3: Patrik Volek | V3: Elizabeth Benker | W3: Patrik Volek
A4: 103290 | B4: Agnimitra Pathak | C4: Sr. UX Designer | D4: Sr. Professional, UI/UX Designer-IND | E4: Sr. Professional, UI/UX Designer-IND | F4: PT3 - Sr. Professional | G4: 44599 | H4: 3 - 5 Years | I4: 3 year(s), 9 month(s), 12 day(s) | J4: Solid | K4: Strong | L4: Medium | M4: High | N4: {=IF(OR(L4="",M4=""),"", IF(OR(ISNA(MATCH(L4,{"Low","Medium","High"},0)), ISNA(MATCH(M4,{"Low","Medium","High"},0))),"",_xlfn.SWITCH(L4,"Low",1,"Medium",2,"High",3) + 3 * _xlfn.SWITCH(M4,"Low",1,"Medium",2,"High",3) - 3))} -> 8 | O4: 8. Growth Talent | P4: =IFERROR(VLOOKUP(O4,'Excel Table (Do Not Format)'!A:D,2,FALSE),"") -> Growth Talent [M,H] | Q4: =IFERROR(VLOOKUP(O4,'Excel Table (Do Not Format)'!A:D,3,FALSE),"") -> identify performance barriers, explore portential to expand responsibilties in current role | R4: =IFERROR(VLOOKUP(O4,'Excel Table (Do Not Format)'!A:D,4,FALSE),"") -> Differentially Invest - Ensure career discussions are happening regualrly? Do they have an individual development plan? What opportunities exist to accelerate development and growth? Revisit talent often to plan for next steps. | S4: After the reorg, expressed clearly that he is looking for promotion and feels ready for quite some time already (in current role for 4+ years). Since then he showcased very thoughtful and proactive attitude to his projects, mentored and guided more junior members of the team. I'm confident he is ready for Lead position. | T4: Yes | U4: Patrik Volek | V4: Elizabeth Benker | W4: Patrik Volek
A5: 104817 | B5: Aida Abbasi | C5: Senior Product Designer | D5: Sr. Professional, UI/UX Designer-AUS | E5: Sr. Professional, UI/UX Designer-AUS | F5: PT3 - Sr. Professional | G5: 44942 | H5: 2 - 3 Years | I5: 2 year(s), 10 month(s), 3 day(s) | J5: Solid | K5: Strong | L5: High | M5: Medium | N5: {=IF(OR(L5="",M5=""),"", IF(OR(ISNA(MATCH(L5,{"Low","Medium","High"},0)), ISNA(MATCH(M5,{"Low","Medium","High"},0))),"",_xlfn.SWITCH(L5,"Low",1,"Medium",2,"High",3) + 3 * _xlfn.SWITCH(M5,"Low",1,"Medium",2,"High",3) - 3))} -> 6 | O5: 6.High Impact Talent | P5: =IFERROR(VLOOKUP(O5,'Excel Table (Do Not Format)'!A:D,2,FALSE),"") -> High Impact Talent [H,M] | Q5: =IFERROR(VLOOKUP(O5,'Excel Table (Do Not Format)'!A:D,3,FALSE),"") -> expand responsibilities in current role, identify key experiences and increase executive exposure | R5: =IFERROR(VLOOKUP(O5,'Excel Table (Do Not Format)'!A:D,4,FALSE),"") -> Differentially Invest - Ensure career discussions are happening regualrly? Do they have an individual development plan? What opportunities exist to accelerate development and growth? Revisit talent often to plan for next steps. | U5: Will Hurley | V5: Elizabeth Benker | W5: Will Hurley
A6: 105857 | B6: AKASH S | C6: Advanced Professional, UI/UX Designer-IND | D6: Advanced Professional, UI/UX Designer-IND | E6: Advanced Professional, UI/UX Designer-IND | F6: PT4 - Advanced Professional | G6: 45656 | H6: 10 - 12 Months | I6: 0 year(s), 3 month(s), 25 day(s) | L6: Low | M6: Medium | N6: {=IF(OR(L6="",M6=""),"", IF(OR(ISNA(MATCH(L6,{"Low","Medium","High"},0)), ISNA(MATCH(M6,{"Low","Medium","High"},0))),"",_xlfn.SWITCH(L6,"Low",1,"Medium",2,"High",3) + 3 * _xlfn.SWITCH(M6,"Low",1,"Medium",2,"High",3) - 3))} -> 4 | O6: 4. Inconsistent Talent | P6: =IFERROR(VLOOKUP(O6,'Excel Table (Do Not Format)'!A:D,2,FALSE),"") -> Inconsistent Talent [L,M] | Q6: =IFERROR(VLOOKUP(O6,'Excel Table (Do Not Format)'!A:D,3,FALSE),"") -> re-establish performance expectations in current role, drive performance and re-evaluate in 6-12 months | R6: =IFERROR(VLOOKUP(O6,'Excel Table (Do Not Format)'!A:D,4,FALSE),"") -> Evaluate Fit/Make A Plan - Identify a coaching plan to improve performance | U6: Will Hurley | V6: Elizabeth Benker | W6: Will Hurley
A7: 103874 | B7: Alexandra Zelinskaya | C7: Lead UX Researcher | D7: Advanced Professional, UI/UX Researcher-USA | E7: Advanced Professional, UI/UX Researcher-USA | F7: PT4 - Advanced Professional | G7: 44704 | H7: 3 - 5 Years | I7: 1 year(s), 1 month(s), 21 day(s) | J7: Strong | K7: Solid | L7: Medium | M7: High | N7: {=IF(OR(L7="",M7=""),"", IF(OR(ISNA(MATCH(L7,{"Low","Medium","High"},0)), ISNA(MATCH(M7,{"Low","Medium","High"},0))),"",_xlfn.SWITCH(L7,"Low",1,"Medium",2,"High",3) + 3 * _xlfn.SWITCH(M7,"Low",1,"Medium",2,"High",3) - 3))} -> 8 | O7: 5. Core Talent | P7: =IFERROR(VLOOKUP(O7,'Excel Table (Do Not Format)'!A:D,2,FALSE),"") -> Core Talent [M,M] | Q7: =IFERROR(VLOOKUP(O7,'Excel Table (Do Not Format)'!A:D,3,FALSE),"") -> identify performance barriers, explore portential to expand responsibilties in current role and discuss career aspirations (ideally for talent new in role) | R7: =IFERROR(VLOOKUP(O7,'Excel Table (Do Not Format)'!A:D,4,FALSE),"") -> Develop in Role - Identify developmental activities to continue to grow their skill and set them up for success for anticiapted progression | T7: No | U7: Olga Ziegelman | V7: Elizabeth Benker | W7: Erin Howard | X7: Olga Ziegelman
A8: 106302 | B8: Alicia Beam | C8: Lead Research Operations Specialist | D8: Advanced Professional, UI/UX Researcher-USA | E8: Advanced Professional, UI/UX Researcher-USA | F8: PT4 - Advanced Professional | G8: 45894 | H8: 0 - 3 Months | I8: 0 year(s), 2 month(s), 25 day(s) | O8: 5. Core Talent | P8: =IFERROR(VLOOKUP(O8,'Excel Table (Do Not Format)'!A:D,2,FALSE),"") -> Core Talent [M,M] | Q8: =IFERROR(VLOOKUP(O8,'Excel Table (Do Not Format)'!A:D,3,FALSE),"") -> identify performance barriers, explore portential to expand responsibilties in current role and discuss career aspirations (ideally for talent new in role) | R8: =IFERROR(VLOOKUP(O8,'Excel Table (Do Not Format)'!A:D,4,FALSE),"") -> Develop in Role - Identify developmental activities to continue to grow their skill and set them up for success for anticiapted progression | S8: Recent hire - showing high potential but too early to fully assess | T8: No | U8: Olga Ziegelman | V8: Elizabeth Benker | W8: Erin Howard | X8: Olga Ziegelman
A9: 1324 | B9: Andrew Lloyd | C9: Professional, Product Management | D9: Professional, Product Management | E9: Professional, Product Management-USA | F9: PT2 - Professional | G9: 41918 | H9: 10 - 15 Years | I9: 0 year(s), 3 month(s), 30 day(s) | J9: Solid | K9: Solid | L9: Medium | M9: Low | N9: {=IF(OR(L9="",M9=""),"", IF(OR(ISNA(MATCH(L9,{"Low","Medium","High"},0)), ISNA(MATCH(M9,{"Low","Medium","High"},0))),"",_xlfn.SWITCH(L9,"Low",1,"Medium",2,"High",3) + 3 * _xlfn.SWITCH(M9,"Low",1,"Medium",2,"High",3) - 3))} -> 2 | O9: 1. Underperforming Talent | P9: =IFERROR(VLOOKUP(O9,'Excel Table (Do Not Format)'!A:D,2,FALSE),"") -> Underperforming Talent [L,L] | Q9: =IFERROR(VLOOKUP(O9,'Excel Table (Do Not Format)'!A:D,3,FALSE),"") -> re-assign or manage out of Alteryx | R9: =IFERROR(VLOOKUP(O9,'Excel Table (Do Not Format)'!A:D,4,FALSE),"") -> Make A Plan - Identify a plan to improve performance in partnership with HR | S9: Andrew has improved, but it has not been self led and it has been slow velocity and lacking accountability, need tomove him to low performance making him in group 1 - underperforming talent | T9: No | U9: Lindsey Zibell | V9: Laura Williams Argilla | W9: Lindsey Zibell
A10: 105874 | B10: Apurva Mathur | C10: Technical Writer | D10: Professional, Technical Writer-IND | E10: Professional, Technical Writer-IND | F10: PT2 - Professional | G10: 45698 | H10: 7 - 9 Months | I10: 0 year(s), 9 month(s), 9 day(s) | L10: Medium | M10: Medium | N10: {=IF(OR(L10="",M10=""),"", IF(OR(ISNA(MATCH(L10,{"Low","Medium","High"},0)), ISNA(MATCH(M10,{"Low","Medium","High"},0))),"",_xlfn.SWITCH(L10,"Low",1,"Medium",2,"High",3) + 3 * _xlfn.SWITCH(M10,"Low",1,"Medium",2,"High",3) - 3))} -> 5 | O10: 5. Core Talent | P10: =IFERROR(VLOOKUP(O10,'Excel Table (Do Not Format)'!A:D,2,FALSE),"") -> Core Talent [M,M] | Q10: =IFERROR(VLOOKUP(O10,'Excel Table (Do Not Format)'!A:D,3,FALSE),"") -> identify performance barriers, explore portential to expand responsibilties in current role and discuss career aspirations (ideally for talent new in role) | R10: =IFERROR(VLOOKUP(O10,'Excel Table (Do Not Format)'!A:D,4,FALSE),"") -> Develop in Role - Identify developmental activities to continue to grow their skill and set them up for success for anticiapted progression | U10: Marcela Abrach | V10: Elizabeth Benker | W10: Marcela Abrach
A11: 105886 | B11: ARPIT VERMA | C11: Senior Product Designer | D11: Sr. Professional, UI/UX Designer-IND | E11: Sr. Professional, UI/UX Designer-IND | F11: PT3 - Sr. Professional | G11: 45656 | H11: 10 - 12 Months | I11: 0 year(s), 10 month(s), 20 day(s) | L11: Medium | M11: Medium | N11: {=IF(OR(L11="",M11=""),"", IF(OR(ISNA(MATCH(L11,{"Low","Medium","High"},0)), ISNA(MATCH(M11,{"Low","Medium","High"},0))),"",_xlfn.SWITCH(L11,"Low",1,"Medium",2,"High",3) + 3 * _xlfn.SWITCH(M11,"Low",1,"Medium",2,"High",3) - 3))} -> 5 | O11: 5. Core Talent | P11: =IFERROR(VLOOKUP(O11,'Excel Table (Do Not Format)'!A:D,2,FALSE),"") -> Core Talent [M,M] | Q11: =IFERROR(VLOOKUP(O11,'Excel Table (Do Not Format)'!A:D,3,FALSE),"") -> identify performance barriers, explore portential to expand responsibilties in current role and discuss career aspirations (ideally for talent new in role) | R11: =IFERROR(VLOOKUP(O11,'Excel Table (Do Not Format)'!A:D,4,FALSE),"") -> Develop in Role - Identify developmental activities to continue to grow their skill and set them up for success for anticiapted progression | U11: Will Hurley | V11: Elizabeth Benker | W11: Will Hurley
A12: 101560 | B12: Artem Pakhomov (Артём Пахомов) | C12: Professional, Product Management-UKR | D12: Professional, Product Management-UKR | E12: Professional, Product Management-UKR | F12: PT2 - Professional | G12: 44180 | H12: 3 - 5 Years | I12: 0 year(s), 0 month(s), 18 day(s) | J12: Solid | K12: Strong | L12: Medium | M12: Medium | N12: {=IF(OR(L12="",M12=""),"", IF(OR(ISNA(MATCH(L12,{"Low","Medium","High"},0)), ISNA(MATCH(M12,{"Low","Medium","High"},0))),"",_xlfn.SWITCH(L12,"Low",1,"Medium",2,"High",3) + 3 * _xlfn.SWITCH(M12,"Low",1,"Medium",2,"High",3) - 3))} -> 5 | O12: 9.Top Talent | P12: =IFERROR(VLOOKUP(O12,'Excel Table (Do Not Format)'!A:D,2,FALSE),"") -> Top Talent [H,H] | Q12: =IFERROR(VLOOKUP(O12,'Excel Table (Do Not Format)'!A:D,3,FALSE),"") -> identify stretch experiences or temporary assignments, increase executive exposure | R12: =IFERROR(VLOOKUP(O12,'Excel Table (Do Not Format)'!A:D,4,FALSE),"") -> Differentially Invest - Ensure career discussions are happening regualrly? Do they have an individual development plan? What opportunities exist to accelerate development and growth? Revisit talent often to plan for next steps. | S12: Time in Job Profile reflects title change from TPM to PM in November, and is not indicative of an actual recent job change. Has been in current role for almost 5 years. Francois is currently the manager but Nicole will complete talent mapping/performance reviews for 2026 Indicating promotion readiness - has been operating at a Sr. PM level for some time, taking ownership of a diverse range of issues and taking initiative on the newly formed Cloud Native team to address gaps and ensure projects continue moving forward even in the midst of change. His presence when reaching out to and speaking with customers is excellent, and he has been proactive in working with the CN team to align on various process changes and documentation requirements. Will be working on getting Artem more visibility across the org as a Sr. PM, and to continue focusing on the big picture and broader strategic thinking. | T12: Yes | U12: Nicole Johnson (Francois Planet) | V12: Laura Williams Argilla | W12: Nicole Johnson
A13: 105905 | B13: Ashutosh Kumar | C13: Associate Data Analyst | D13: Associate Professional, Technical Product Management-IND | E13: Associate Professional, Technical Product Management-IND | F13: PT1 - Associate Professional | G13: 45663 | H13: 10 - 12 Months | I13: 0 year(s), 4 month(s), 18 day(s) | L13: Medium | M13: Medium | N13: {=IF(OR(L13="",M13=""),"", IF(OR(ISNA(MATCH(L13,{"Low","Medium","High"},0)), ISNA(MATCH(M13,{"Low","Medium","High"},0))),"",_xlfn.SWITCH(L13,"Low",1,"Medium",2,"High",3) + 3 * _xlfn.SWITCH(M13,"Low",1,"Medium",2,"High",3) - 3))} -> 5 | O13: 5. Core Talent | P13: =IFERROR(VLOOKUP(O13,'Excel Table (Do Not Format)'!A:D,2,FALSE),"") -> Core Talent [M,M] | Q13: =IFERROR(VLOOKUP(O13,'Excel Table (Do Not Format)'!A:D,3,FALSE),"") -> identify performance barriers, explore portential to expand responsibilties in current role and discuss career aspirations (ideally for talent new in role) | R13: =IFERROR(VLOOKUP(O13,'Excel Table (Do Not Format)'!A:D,4,FALSE),"") -> Develop in Role - Identify developmental activities to continue to grow their skill and set them up for success for anticiapted progression | U13: Hitesh Bakutra | V13: Elizabeth Benker | W13: Erin Howard | X13: Hitesh Bakutra
A14: 103538 | B14: Baneen Bryan | C14: Product Designer | D14: Professional, UI/UX Designer-USA | E14: Professional, UI/UX Designer-USA | F14: PT2 - Professional | G14: 45922 | H14: 0 - 3 Months | I14: 0 year(s), 1 month(s), 28 day(s) | J14: Strong | O14: 5. Core Talent | P14: =IFERROR(VLOOKUP(O14,'Excel Table (Do Not Format)'!A:D,2,FALSE),"") -> Core Talent [M,M] | Q14: =IFERROR(VLOOKUP(O14,'Excel Table (Do Not Format)'!A:D,3,FALSE),"") -> identify performance barriers, explore portential to expand responsibilties in current role and discuss career aspirations (ideally for talent new in role) | R14: =IFERROR(VLOOKUP(O14,'Excel Table (Do Not Format)'!A:D,4,FALSE),"") -> Develop in Role - Identify developmental activities to continue to grow their skill and set them up for success for anticiapted progression | U14: Yujia Zhao | V14: Elizabeth Benker | W14: Yujia Zhao
A15: 102092 | B15: Becca Lemmons (On Leave) | C15: Principal Product Manager | D15: Principal Product Manager | E15: Principal, Product Management-USA | F15: PT5 - Principal | G15: 44389 | H15: 3 - 5 Years | I15: 0 year(s), 5 month(s), 11 day(s) | J15: Strong | K15: Leading | L15: Low | M15: Low | N15: {=IF(OR(L15="",M15=""),"", IF(OR(ISNA(MATCH(L15,{"Low","Medium","High"},0)), ISNA(MATCH(M15,{"Low","Medium","High"},0))),"",_xlfn.SWITCH(L15,"Low",1,"Medium",2,"High",3) + 3 * _xlfn.SWITCH(M15,"Low",1,"Medium",2,"High",3) - 3))} -> 1 | O15: 1. Underperforming Talent | P15: =IFERROR(VLOOKUP(O15,'Excel Table (Do Not Format)'!A:D,2,FALSE),"") -> Underperforming Talent [L,L] | Q15: =IFERROR(VLOOKUP(O15,'Excel Table (Do Not Format)'!A:D,3,FALSE),"") -> re-assign or manage out of Alteryx | R15: =IFERROR(VLOOKUP(O15,'Excel Table (Do Not Format)'!A:D,4,FALSE),"") -> Make A Plan - Identify a plan to improve performance in partnership with HR | U15: Chad Thompson | V15: Chad Thompson | W15: Chad Thompson
A16: 106400 | B16: Bob Fraser | C16: Principal Product Manager | D16: Principal, Product Management-GBR | E16: Principal, Product Management-GBR | F16: PT5 - Principal | G16: 45964 | H16: 0 - 3 Months | I16: 0 year(s), 0 month(s), 16 day(s) | O16: 5. Core Talent | P16: =IFERROR(VLOOKUP(O16,'Excel Table (Do Not Format)'!A:D,2,FALSE),"") -> Core Talent [M,M] | Q16: =IFERROR(VLOOKUP(O16,'Excel Table (Do Not Format)'!A:D,3,FALSE),"") -> identify performance barriers, explore portential to expand responsibilties in current role and discuss career aspirations (ideally for talent new in role) | R16: =IFERROR(VLOOKUP(O16,'Excel Table (Do Not Format)'!A:D,4,FALSE),"") -> Develop in Role - Identify developmental activities to continue to grow their skill and set them up for success for anticiapted progression | U16: Tomáš Mitana | V16: Chad Thompson | W16: Tomáš Mitana
A17: 104466 | B17: Brad Shaw | C17: Lead Product Manager | D17: Advanced Professional, Product Management-AUS | E17: Advanced Professional, Product Management-AUS | F17: PT4 - Advanced Professional | G17: 44823 | H17: 3 - 5 Years | I17: 1 year(s), 2 month(s), 18 day(s) | J17: Strong | K17: Strong | L17: High | M17: High | N17: {=IF(OR(L17="",M17=""),"", IF(OR(ISNA(MATCH(L17,{"Low","Medium","High"},0)), ISNA(MATCH(M17,{"Low","Medium","High"},0))),"",_xlfn.SWITCH(L17,"Low",1,"Medium",2,"High",3) + 3 * _xlfn.SWITCH(M17,"Low",1,"Medium",2,"High",3) - 3))} -> 9 | O17: 9.Top Talent | P17: =IFERROR(VLOOKUP(O17,'Excel Table (Do Not Format)'!A:D,2,FALSE),"") -> Top Talent [H,H] | Q17: =IFERROR(VLOOKUP(O17,'Excel Table (Do Not Format)'!A:D,3,FALSE),"") -> identify stretch experiences or temporary assignments, increase executive exposure | R17: =IFERROR(VLOOKUP(O17,'Excel Table (Do Not Format)'!A:D,4,FALSE),"") -> Differentially Invest - Ensure career discussions are happening regualrly? Do they have an individual development plan? What opportunities exist to accelerate development and growth? Revisit talent often to plan for next steps. | U17: Robert D'Arrigo | V17: Chad Thompson | W17: Robert D'Arrigo
A18: 102042 | B18: Bryan Chan | C18: Professional, Product Management-USA | D18: Professional, Product Management-USA | E18: Professional, Product Management-USA | F18: PT2 - Professional | G18: 44760 | H18: 3 - 5 Years | I18: 1 year(s), 8 month(s), 16 day(s) | J18: Strong | K18: Solid | L18: High | M18: High | N18: {=IF(OR(L18="",M18=""),"", IF(OR(ISNA(MATCH(L18,{"Low","Medium","High"},0)), ISNA(MATCH(M18,{"Low","Medium","High"},0))),"",_xlfn.SWITCH(L18,"Low",1,"Medium",2,"High",3) + 3 * _xlfn.SWITCH(M18,"Low",1,"Medium",2,"High",3) - 3))} -> 9 | O18: 8. Growth Talent | P18: =IFERROR(VLOOKUP(O18,'Excel Table (Do Not Format)'!A:D,2,FALSE),"") -> Growth Talent [M,H] | Q18: =IFERROR(VLOOKUP(O18,'Excel Table (Do Not Format)'!A:D,3,FALSE),"") -> identify performance barriers, explore portential to expand responsibilties in current role | R18: =IFERROR(VLOOKUP(O18,'Excel Table (Do Not Format)'!A:D,4,FALSE),"") -> Differentially Invest - Ensure career discussions are happening regualrly? Do they have an individual development plan? What opportunities exist to accelerate development and growth? Revisit talent often to plan for next steps. | S18: Identified strengths and weaknesses at October Check In, needs significantly more exposure. Wrote a Plans vision strategy, need to get it presented. Could use a wider scope. | T18: No | U18: Lindsey Zibell | V18: Laura Williams Argilla | W18: Lindsey Zibell
A19: 2298 | B19: Bryce Laird | C19: Sr. Principal, Product Management-USA | D19: Sr. Principal, Product Management-USA | E19: Sr. Principal, Product Management-USA | F19: PT6 - Sr. Principal | G19: 43402 | H19: 5 - 10 Years | I19: 0 year(s), 2 month(s), 18 day(s) | J19: Leading | K19: Leading | L19: High | M19: High | N19: {=IF(OR(L19="",M19=""),"", IF(OR(ISNA(MATCH(L19,{"Low","Medium","High"},0)), ISNA(MATCH(M19,{"Low","Medium","High"},0))),"",_xlfn.SWITCH(L19,"Low",1,"Medium",2,"High",3) + 3 * _xlfn.SWITCH(M19,"Low",1,"Medium",2,"High",3) - 3))} -> 9 | O19: 9.Top Talent | P19: =IFERROR(VLOOKUP(O19,'Excel Table (Do Not Format)'!A:D,2,FALSE),"") -> Top Talent [H,H] | Q19: =IFERROR(VLOOKUP(O19,'Excel Table (Do Not Format)'!A:D,3,FALSE),"") -> identify stretch experiences or temporary assignments, increase executive exposure | R19: =IFERROR(VLOOKUP(O19,'Excel Table (Do Not Format)'!A:D,4,FALSE),"") -> Differentially Invest - Ensure career discussions are happening regualrly? Do they have an individual development plan? What opportunities exist to accelerate development and growth? Revisit talent often to plan for next steps. | U19: Chad Thompson | V19: Chad Thompson
A20: 101375 | B20: Charles Ash | C20: Product Designer | D20: Professional, UI/UX Designer-USA | E20: Professional, UI/UX Designer-USA | F20: PT2 - Professional | G20: 43962 | H20: 5 - 10 Years | I20: 4 year(s), 10 month(s), 18 day(s) | J20: Strong | K20: Strong | L20: Low | M20: Low | N20: {=IF(OR(L20="",M20=""),"", IF(OR(ISNA(MATCH(L20,{"Low","Medium","High"},0)), ISNA(MATCH(M20,{"Low","Medium","High"},0))),"",_xlfn.SWITCH(L20,"Low",1,"Medium",2,"High",3) + 3 * _xlfn.SWITCH(M20,"Low",1,"Medium",2,"High",3) - 3))} -> 1 | O20: 2. Solid Talent | P20: =IFERROR(VLOOKUP(O20,'Excel Table (Do Not Format)'!A:D,2,FALSE),"") -> Solid Talent [M,L] | Q20: =IFERROR(VLOOKUP(O20,'Excel Table (Do Not Format)'!A:D,3,FALSE),"") -> consider expanding current role, explore lateral/development opportunities | R20: =IFERROR(VLOOKUP(O20,'Excel Table (Do Not Format)'!A:D,4,FALSE),"") -> Develop in Role - Identify developmental activities to continue to grow their skill and set them up for success for anticiapted progression | S20: Can produce solid designs against the requirements on time. Need to be more proactive. | T20: No | U20: Yujia Zhao | V20: Elizabeth Benker | W20: Yujia Zhao
A21: 103231 | B21: Chirag Dadheech | C21: Lead Product Insight Analyst | D21: Lead Product Insight Analyst | E21: Advanced Professional, Technical Product Management-IND | F21: PT4 - Advanced Professional | G21: 44599 | H21: 3 - 5 Years | I21: 1 year(s), 2 month(s), 18 day(s) | J21: Solid | K21: Strong | L21: High | M21: High | N21: {=IF(OR(L21="",M21=""),"", IF(OR(ISNA(MATCH(L21,{"Low","Medium","High"},0)), ISNA(MATCH(M21,{"Low","Medium","High"},0))),"",_xlfn.SWITCH(L21,"Low",1,"Medium",2,"High",3) + 3 * _xlfn.SWITCH(M21,"Low",1,"Medium",2,"High",3) - 3))} -> 9 | O21: 9.Top Talent | P21: =IFERROR(VLOOKUP(O21,'Excel Table (Do Not Format)'!A:D,2,FALSE),"") -> Top Talent [H,H] | Q21: =IFERROR(VLOOKUP(O21,'Excel Table (Do Not Format)'!A:D,3,FALSE),"") -> identify stretch experiences or temporary assignments, increase executive exposure | R21: =IFERROR(VLOOKUP(O21,'Excel Table (Do Not Format)'!A:D,4,FALSE),"") -> Differentially Invest - Ensure career discussions are happening regualrly? Do they have an individual development plan? What opportunities exist to accelerate development and growth? Revisit talent often to plan for next steps. | U21: Hitesh Bakutra | V21: Elizabeth Benker | W21: Erin Howard | X21: Hitesh Bakutra
A22: 2074 | B22: David Cooperberg | C22: Lead Product Manager | D22: Lead Product Manager | E22: Advanced Professional, Product Management-USA | F22: PT4 - Advanced Professional | G22: 43206 | H22: 5 - 10 Years | I22: 1 year(s), 5 month(s), 10 day(s) | J22: Solid | K22: Solid | L22: High | M22: High | N22: {=IF(OR(L22="",M22=""),"", IF(OR(ISNA(MATCH(L22,{"Low","Medium","High"},0)), ISNA(MATCH(M22,{"Low","Medium","High"},0))),"",_xlfn.SWITCH(L22,"Low",1,"Medium",2,"High",3) + 3 * _xlfn.SWITCH(M22,"Low",1,"Medium",2,"High",3) - 3))} -> 9 | O22: 9.Top Talent | P22: =IFERROR(VLOOKUP(O22,'Excel Table (Do Not Format)'!A:D,2,FALSE),"") -> Top Talent [H,H] | Q22: =IFERROR(VLOOKUP(O22,'Excel Table (Do Not Format)'!A:D,3,FALSE),"") -> identify stretch experiences or temporary assignments, increase executive exposure | R22: =IFERROR(VLOOKUP(O22,'Excel Table (Do Not Format)'!A:D,4,FALSE),"") -> Differentially Invest - Ensure career discussions are happening regualrly? Do they have an individual development plan? What opportunities exist to accelerate development and growth? Revisit talent often to plan for next steps. | T22: Yes | U22: Kate Butcher | V22: Chad Thompson | W22: Kate Butcher
A23: 101003 | B23: David Domagalski | C23: Advanced Professional, Technical Writer-USA | D23: Advanced Professional, Technical Writer-USA | E23: Advanced Professional, Technical Writer-USA | F23: PT4 - Advanced Professional | G23: 43808 | H23: 5 - 10 Years | I23: 1 year(s), 8 month(s), 16 day(s) | J23: Strong | K23: Strong | L23: High | M23: Medium | N23: {=IF(OR(L23="",M23=""),"", IF(OR(ISNA(MATCH(L23,{"Low","Medium","High"},0)), ISNA(MATCH(M23,{"Low","Medium","High"},0))),"",_xlfn.SWITCH(L23,"Low",1,"Medium",2,"High",3) + 3 * _xlfn.SWITCH(M23,"Low",1,"Medium",2,"High",3) - 3))} -> 6 | O23: 5. Core Talent | P23: =IFERROR(VLOOKUP(O23,'Excel Table (Do Not Format)'!A:D,2,FALSE),"") -> Core Talent [M,M] | Q23: =IFERROR(VLOOKUP(O23,'Excel Table (Do Not Format)'!A:D,3,FALSE),"") -> identify performance barriers, explore portential to expand responsibilties in current role and discuss career aspirations (ideally for talent new in role) | R23: =IFERROR(VLOOKUP(O23,'Excel Table (Do Not Format)'!A:D,4,FALSE),"") -> Develop in Role - Identify developmental activities to continue to grow their skill and set them up for success for anticiapted progression | U23: Marcela Abrach | V23: Elizabeth Benker | W23: Marcela Abrach
A24: 1885 | B24: David Skala | C24: Principal, Product Designer | D24: Principal, UI/UX Designer-CZE | E24: Principal, UI/UX Designer-CZE | F24: PT5 - Principal | G24: 42765 | H24: 5 - 10 Years | I24: 0 year(s), 8 month(s), 18 day(s) | J24: Strong | K24: Leading | L24: High | M24: Medium | N24: {=IF(OR(L24="",M24=""),"", IF(OR(ISNA(MATCH(L24,{"Low","Medium","High"},0)), ISNA(MATCH(M24,{"Low","Medium","High"},0))),"",_xlfn.SWITCH(L24,"Low",1,"Medium",2,"High",3) + 3 * _xlfn.SWITCH(M24,"Low",1,"Medium",2,"High",3) - 3))} -> 6 | O24: 8. Growth Talent | P24: =IFERROR(VLOOKUP(O24,'Excel Table (Do Not Format)'!A:D,2,FALSE),"") -> Growth Talent [M,H] | Q24: =IFERROR(VLOOKUP(O24,'Excel Table (Do Not Format)'!A:D,3,FALSE),"") -> identify performance barriers, explore portential to expand responsibilties in current role | R24: =IFERROR(VLOOKUP(O24,'Excel Table (Do Not Format)'!A:D,4,FALSE),"") -> Differentially Invest - Ensure career discussions are happening regualrly? Do they have an individual development plan? What opportunities exist to accelerate development and growth? Revisit talent often to plan for next steps. | S24: David is still getting used to Principal position and looking for the right way to have more impact. | T24: No | U24: Patrik Volek | V24: Elizabeth Benker | W24: Patrik Volek
A25: 105566 | B25: Dhiraj Sahu | C25: Senior Product Analyst | D25: Sr. Professional, Technical Product Management-IND | E25: Sr. Professional, Technical Product Management-IND | F25: PT3 - Sr. Professional | G25: 45537 | H25: 13 - 18 Months | I25: 1 year(s), 2 month(s), 17 day(s) | K25: Solid | L25: Medium | M25: High | N25: {=IF(OR(L25="",M25=""),"", IF(OR(ISNA(MATCH(L25,{"Low","Medium","High"},0)), ISNA(MATCH(M25,{"Low","Medium","High"},0))),"",_xlfn.SWITCH(L25,"Low",1,"Medium",2,"High",3) + 3 * _xlfn.SWITCH(M25,"Low",1,"Medium",2,"High",3) - 3))} -> 8 | O25: 8. Growth Talent | P25: =IFERROR(VLOOKUP(O25,'Excel Table (Do Not Format)'!A:D,2,FALSE),"") -> Growth Talent [M,H] | Q25: =IFERROR(VLOOKUP(O25,'Excel Table (Do Not Format)'!A:D,3,FALSE),"") -> identify performance barriers, explore portential to expand responsibilties in current role | R25: =IFERROR(VLOOKUP(O25,'Excel Table (Do Not Format)'!A:D,4,FALSE),"") -> Differentially Invest - Ensure career discussions are happening regualrly? Do they have an individual development plan? What opportunities exist to accelerate development and growth? Revisit talent often to plan for next steps. | U25: Hitesh Bakutra | V25: Elizabeth Benker | W25: Erin Howard | X25: Hitesh Bakutra
A26: 2011 | B26: Elad Idan | C26: Lead Pricing Manager | D26: Advanced Professional, Technical Program Management-USA | E26: Advanced Professional, Technical Program Management-USA | F26: PT4 - Advanced Professional | G26: 43136 | H26: 5 - 10 Years | I26: 1 year(s), 8 month(s), 16 day(s) | J26: Strong | K26: Solid | L26: High | M26: Low | N26: {=IF(OR(L26="",M26=""),"", IF(OR(ISNA(MATCH(L26,{"Low","Medium","High"},0)), ISNA(MATCH(M26,{"Low","Medium","High"},0))),"",_xlfn.SWITCH(L26,"Low",1,"Medium",2,"High",3) + 3 * _xlfn.SWITCH(M26,"Low",1,"Medium",2,"High",3) - 3))} -> 3 | O26: 3. Expert Talent | P26: =IFERROR(VLOOKUP(O26,'Excel Table (Do Not Format)'!A:D,2,FALSE),"") -> Expert Talent [H,L] | Q26: =IFERROR(VLOOKUP(O26,'Excel Table (Do Not Format)'!A:D,3,FALSE),"") -> leverage experience to mentor and growth others | R26: =IFERROR(VLOOKUP(O26,'Excel Table (Do Not Format)'!A:D,4,FALSE),"") -> Develop in Role - Identify developmental activities to continue to grow their skill and set them up for success for anticiapted progression | S26: Elad and I had a discussion about his career path. He has reached the limits of growth in PE. We aligned that he needs to explore a broader GTM architect role otuside of PE. Over the next 6 mos, I would like him to take ownership of adjacent areas such as what would it take to support In-app purchase in collaboration with the PE team and the broader GTM org etc. He is also going to take courses to train for such a role. | U26: Ani Worlikar | V26: Ani Worlikar
A27: 102702 | B27: Emily Davis (On Leave) | C27: Senior Product Designer | D27: Sr. Professional, UI/UX Designer-AUS | E27: Sr. Professional, UI/UX Designer-AUS | F27: PT3 - Sr. Professional | G27: 44476 | H27: 5 - 10 Years | I27: 4 year(s), 1 month(s), 12 day(s) | J27: Solid | L27: High | M27: High | N27: {=IF(OR(L27="",M27=""),"", IF(OR(ISNA(MATCH(L27,{"Low","Medium","High"},0)), ISNA(MATCH(M27,{"Low","Medium","High"},0))),"",_xlfn.SWITCH(L27,"Low",1,"Medium",2,"High",3) + 3 * _xlfn.SWITCH(M27,"Low",1,"Medium",2,"High",3) - 3))} -> 9 | O27: 9.Top Talent | P27: =IFERROR(VLOOKUP(O27,'Excel Table (Do Not Format)'!A:D,2,FALSE),"") -> Top Talent [H,H] | Q27: =IFERROR(VLOOKUP(O27,'Excel Table (Do Not Format)'!A:D,3,FALSE),"") -> identify stretch experiences or temporary assignments, increase executive exposure | R27: =IFERROR(VLOOKUP(O27,'Excel Table (Do Not Format)'!A:D,4,FALSE),"") -> Differentially Invest - Ensure career discussions are happening regualrly? Do they have an individual development plan? What opportunities exist to accelerate development and growth? Revisit talent often to plan for next steps. | U27: Will Hurley | V27: Elizabeth Benker | W27: Will Hurley
A28: 102844 | B28: Emily Turner | C28: Advanced Professional, UI/UX Designer-USA | D28: Advanced Professional, UI/UX Designer-USA | E28: Advanced Professional, UI/UX Designer-USA | F28: PT4 - Advanced Professional | G28: 44508 | H28: 3 - 5 Years | I28: 1 year(s), 8 month(s), 16 day(s) | J28: Leading | K28: Strong | L28: High | M28: Medium | N28: {=IF(OR(L28="",M28=""),"", IF(OR(ISNA(MATCH(L28,{"Low","Medium","High"},0)), ISNA(MATCH(M28,{"Low","Medium","High"},0))),"",_xlfn.SWITCH(L28,"Low",1,"Medium",2,"High",3) + 3 * _xlfn.SWITCH(M28,"Low",1,"Medium",2,"High",3) - 3))} -> 6 | O28: 6.High Impact Talent | P28: =IFERROR(VLOOKUP(O28,'Excel Table (Do Not Format)'!A:D,2,FALSE),"") -> High Impact Talent [H,M] | Q28: =IFERROR(VLOOKUP(O28,'Excel Table (Do Not Format)'!A:D,3,FALSE),"") -> expand responsibilities in current role, identify key experiences and increase executive exposure | R28: =IFERROR(VLOOKUP(O28,'Excel Table (Do Not Format)'!A:D,4,FALSE),"") -> Differentially Invest - Ensure career discussions are happening regualrly? Do they have an individual development plan? What opportunities exist to accelerate development and growth? Revisit talent often to plan for next steps. | T28: No | U28: Elizabeth Benker | V28: Elizabeth Benker
A29: 106330 | B29: Gabe Keaveney | C29: Pricing Strategy Analyst | D29: Professional, Competitive Intelligence-USA | E29: Professional, Competitive Intelligence-USA | F29: PT2 - Professional | G29: 45922 | H29: 0 - 3 Months | I29: 0 year(s), 1 month(s), 28 day(s) | O29: 5. Core Talent | P29: =IFERROR(VLOOKUP(O29,'Excel Table (Do Not Format)'!A:D,2,FALSE),"") -> Core Talent [M,M] | Q29: =IFERROR(VLOOKUP(O29,'Excel Table (Do Not Format)'!A:D,3,FALSE),"") -> identify performance barriers, explore portential to expand responsibilties in current role and discuss career aspirations (ideally for talent new in role) | R29: =IFERROR(VLOOKUP(O29,'Excel Table (Do Not Format)'!A:D,4,FALSE),"") -> Develop in Role - Identify developmental activities to continue to grow their skill and set them up for success for anticiapted progression | S29: Recent hire. Shows good potential. Continue to develop over the next 6 mos | T29: No | U29: Ani Worlikar | V29: Ani Worlikar
A30: 100735 | B30: Gayatri Kakarlapudi | C30: Product Manager | D30: Professional, Product Management-USA | E30: Professional, Product Management-USA | F30: PT2 - Professional | G30: 43689 | H30: 5 - 10 Years | I30: 3 year(s), 5 month(s), 18 day(s) | J30: Solid | K30: Solid | L30: Medium | M30: Medium | N30: {=IF(OR(L30="",M30=""),"", IF(OR(ISNA(MATCH(L30,{"Low","Medium","High"},0)), ISNA(MATCH(M30,{"Low","Medium","High"},0))),"",_xlfn.SWITCH(L30,"Low",1,"Medium",2,"High",3) + 3 * _xlfn.SWITCH(M30,"Low",1,"Medium",2,"High",3) - 3))} -> 5 | O30: 5. Core Talent | P30: =IFERROR(VLOOKUP(O30,'Excel Table (Do Not Format)'!A:D,2,FALSE),"") -> Core Talent [M,M] | Q30: =IFERROR(VLOOKUP(O30,'Excel Table (Do Not Format)'!A:D,3,FALSE),"") -> identify performance barriers, explore portential to expand responsibilties in current role and discuss career aspirations (ideally for talent new in role) | R30: =IFERROR(VLOOKUP(O30,'Excel Table (Do Not Format)'!A:D,4,FALSE),"") -> Develop in Role - Identify developmental activities to continue to grow their skill and set them up for success for anticiapted progression | T30: No | U30: Rachel Howard | V30: Laura Williams Argilla | W30: Rachel Howard
A31: 102824 | B31: Geoffrey Zath | C31: Sr. Professional, Technical Writer-USA | D31: Sr. Professional, Technical Writer-USA | E31: Sr. Professional, Technical Writer-USA | F31: PT3 - Sr. Professional | G31: 44508 | H31: 3 - 5 Years | I31: 0 year(s), 8 month(s), 17 day(s) | J31: Strong | K31: Leading | L31: Medium | M31: Medium | N31: {=IF(OR(L31="",M31=""),"", IF(OR(ISNA(MATCH(L31,{"Low","Medium","High"},0)), ISNA(MATCH(M31,{"Low","Medium","High"},0))),"",_xlfn.SWITCH(L31,"Low",1,"Medium",2,"High",3) + 3 * _xlfn.SWITCH(M31,"Low",1,"Medium",2,"High",3) - 3))} -> 5 | O31: 5. Core Talent | P31: =IFERROR(VLOOKUP(O31,'Excel Table (Do Not Format)'!A:D,2,FALSE),"") -> Core Talent [M,M] | Q31: =IFERROR(VLOOKUP(O31,'Excel Table (Do Not Format)'!A:D,3,FALSE),"") -> identify performance barriers, explore portential to expand responsibilties in current role and discuss career aspirations (ideally for talent new in role) | R31: =IFERROR(VLOOKUP(O31,'Excel Table (Do Not Format)'!A:D,4,FALSE),"") -> Develop in Role - Identify developmental activities to continue to grow their skill and set them up for success for anticiapted progression | U31: Marcela Abrach | V31: Elizabeth Benker | W31: Marcela Abrach
A32: 106012 | B32: Gita Ligure | C32: UI/UX Researcher | D32: Professional, UI/UX Researcher-USA | E32: Professional, UI/UX Researcher-USA | F32: PT2 - Professional | G32: 45706 | H32: 7 - 9 Months | I32: 0 year(s), 9 month(s), 1 day(s) | L32: Medium | M32: Medium | N32: {=IF(OR(L32="",M32=""),"", IF(OR(ISNA(MATCH(L32,{"Low","Medium","High"},0)), ISNA(MATCH(M32,{"Low","Medium","High"},0))),"",_xlfn.SWITCH(L32,"Low",1,"Medium",2,"High",3) + 3 * _xlfn.SWITCH(M32,"Low",1,"Medium",2,"High",3) - 3))} -> 5 | O32: 8. Growth Talent | P32: =IFERROR(VLOOKUP(O32,'Excel Table (Do Not Format)'!A:D,2,FALSE),"") -> Growth Talent [M,H] | Q32: =IFERROR(VLOOKUP(O32,'Excel Table (Do Not Format)'!A:D,3,FALSE),"") -> identify performance barriers, explore portential to expand responsibilties in current role | R32: =IFERROR(VLOOKUP(O32,'Excel Table (Do Not Format)'!A:D,4,FALSE),"") -> Differentially Invest - Ensure career discussions are happening regualrly? Do they have an individual development plan? What opportunities exist to accelerate development and growth? Revisit talent often to plan for next steps. | T32: No | U32: Olga Ziegelman | V32: Elizabeth Benker | W32: Erin Howard | X32: Olga Ziegelman
A33: 101443 | B33: Greg Filla (On Leave) | C33: Lead Product Manager | D33: Advanced Professional, Product Management-USA | E33: Advanced Professional, Product Management-USA | F33: PT4 - Advanced Professional | G33: 44067 | H33: 5 - 10 Years | I33: 1 year(s), 5 month(s), 18 day(s) | J33: Solid | K33: Strong | L33: Medium | M33: Medium | N33: {=IF(OR(L33="",M33=""),"", IF(OR(ISNA(MATCH(L33,{"Low","Medium","High"},0)), ISNA(MATCH(M33,{"Low","Medium","High"},0))),"",_xlfn.SWITCH(L33,"Low",1,"Medium",2,"High",3) + 3 * _xlfn.SWITCH(M33,"Low",1,"Medium",2,"High",3) - 3))} -> 5 | O33: 5. Core Talent | P33: =IFERROR(VLOOKUP(O33,'Excel Table (Do Not Format)'!A:D,2,FALSE),"") -> Core Talent [M,M] | Q33: =IFERROR(VLOOKUP(O33,'Excel Table (Do Not Format)'!A:D,3,FALSE),"") -> identify performance barriers, explore portential to expand responsibilties in current role and discuss career aspirations (ideally for talent new in role) | R33: =IFERROR(VLOOKUP(O33,'Excel Table (Do Not Format)'!A:D,4,FALSE),"") -> Develop in Role - Identify developmental activities to continue to grow their skill and set them up for success for anticiapted progression | T33: No | U33: Nicole Johnson | V33: Laura Williams Argilla | W33: Nicole Johnson
A34: 105985 | B34: Harsh Jiladiya | C34: Product Analyst | D34: Professional, Technical Product Management-IND | E34: Professional, Technical Product Management-IND | F34: PT2 - Professional | G34: 45707 | H34: 7 - 9 Months | I34: 0 year(s), 9 month(s), 0 day(s) | L34: High | M34: High | N34: {=IF(OR(L34="",M34=""),"", IF(OR(ISNA(MATCH(L34,{"Low","Medium","High"},0)), ISNA(MATCH(M34,{"Low","Medium","High"},0))),"",_xlfn.SWITCH(L34,"Low",1,"Medium",2,"High",3) + 3 * _xlfn.SWITCH(M34,"Low",1,"Medium",2,"High",3) - 3))} -> 9 | O34: 9.Top Talent | P34: =IFERROR(VLOOKUP(O34,'Excel Table (Do Not Format)'!A:D,2,FALSE),"") -> Top Talent [H,H] | Q34: =IFERROR(VLOOKUP(O34,'Excel Table (Do Not Format)'!A:D,3,FALSE),"") -> identify stretch experiences or temporary assignments, increase executive exposure | R34: =IFERROR(VLOOKUP(O34,'Excel Table (Do Not Format)'!A:D,4,FALSE),"") -> Differentially Invest - Ensure career discussions are happening regualrly? Do they have an individual development plan? What opportunities exist to accelerate development and growth? Revisit talent often to plan for next steps. | U34: Hitesh Bakutra | V34: Elizabeth Benker | W34: Erin Howard | X34: Hitesh Bakutra
A35: 105835 | B35: HEMANTI PRADHAN | C35: Technical Writer | D35: Professional, Technical Writer-IND | E35: Professional, Technical Writer-IND | F35: PT2 - Professional | G35: 45677 | H35: 7 - 9 Months | I35: 0 year(s), 9 month(s), 30 day(s) | L35: Medium | M35: Medium | N35: {=IF(OR(L35="",M35=""),"", IF(OR(ISNA(MATCH(L35,{"Low","Medium","High"},0)), ISNA(MATCH(M35,{"Low","Medium","High"},0))),"",_xlfn.SWITCH(L35,"Low",1,"Medium",2,"High",3) + 3 * _xlfn.SWITCH(M35,"Low",1,"Medium",2,"High",3) - 3))} -> 5 | O35: 5. Core Talent | P35: =IFERROR(VLOOKUP(O35,'Excel Table (Do Not Format)'!A:D,2,FALSE),"") -> Core Talent [M,M] | Q35: =IFERROR(VLOOKUP(O35,'Excel Table (Do Not Format)'!A:D,3,FALSE),"") -> identify performance barriers, explore portential to expand responsibilties in current role and discuss career aspirations (ideally for talent new in role) | R35: =IFERROR(VLOOKUP(O35,'Excel Table (Do Not Format)'!A:D,4,FALSE),"") -> Develop in Role - Identify developmental activities to continue to grow their skill and set them up for success for anticiapted progression | U35: Marcela Abrach | V35: Elizabeth Benker | W35: Marcela Abrach
A36: 100583 | B36: Iryna Onishchuk (Ірина Оніщук) | C36: Sr. Product Delivery Program Manager | D36: Sr. Professional, Technical Program Management-CZE | E36: Sr. Professional, Technical Program Management-CZE | F36: PT3 - Sr. Professional | G36: 43598 | H36: 5 - 10 Years | I36: 1 year(s), 8 month(s), 18 day(s) | J36: Solid | K36: Strong | L36: High | M36: High | N36: {=IF(OR(L36="",M36=""),"", IF(OR(ISNA(MATCH(L36,{"Low","Medium","High"},0)), ISNA(MATCH(M36,{"Low","Medium","High"},0))),"",_xlfn.SWITCH(L36,"Low",1,"Medium",2,"High",3) + 3 * _xlfn.SWITCH(M36,"Low",1,"Medium",2,"High",3) - 3))} -> 9 | O36: 9.Top Talent | P36: =IFERROR(VLOOKUP(O36,'Excel Table (Do Not Format)'!A:D,2,FALSE),"") -> Top Talent [H,H] | Q36: =IFERROR(VLOOKUP(O36,'Excel Table (Do Not Format)'!A:D,3,FALSE),"") -> identify stretch experiences or temporary assignments, increase executive exposure | R36: =IFERROR(VLOOKUP(O36,'Excel Table (Do Not Format)'!A:D,4,FALSE),"") -> Differentially Invest - Ensure career discussions are happening regualrly? Do they have an individual development plan? What opportunities exist to accelerate development and growth? Revisit talent often to plan for next steps. | S36: Has much potential with move to new CSIG team to advance with new responsbilities. | T36: No | U36: Carolyn Blanco Losada | V36: Elizabeth Benker | W36: Erin Howard | X36: Carolyn Blanco Losada
A37: 105280 | B37: Ishita Gandhi | C37: UX Copywriter | D37: Professional, UI/UX Designer-IND | E37: Professional, UI/UX Designer-IND | F37: PT2 - Professional | G37: 45343 | H37: 19 - 24 Months | I37: 1 year(s), 8 month(s), 29 day(s) | K37: Solid | L37: High | M37: Medium | N37: {=IF(OR(L37="",M37=""),"", IF(OR(ISNA(MATCH(L37,{"Low","Medium","High"},0)), ISNA(MATCH(M37,{"Low","Medium","High"},0))),"",_xlfn.SWITCH(L37,"Low",1,"Medium",2,"High",3) + 3 * _xlfn.SWITCH(M37,"Low",1,"Medium",2,"High",3) - 3))} -> 6 | O37: 6.High Impact Talent | P37: =IFERROR(VLOOKUP(O37,'Excel Table (Do Not Format)'!A:D,2,FALSE),"") -> High Impact Talent [H,M] | Q37: =IFERROR(VLOOKUP(O37,'Excel Table (Do Not Format)'!A:D,3,FALSE),"") -> expand responsibilities in current role, identify key experiences and increase executive exposure | R37: =IFERROR(VLOOKUP(O37,'Excel Table (Do Not Format)'!A:D,4,FALSE),"") -> Differentially Invest - Ensure career discussions are happening regualrly? Do they have an individual development plan? What opportunities exist to accelerate development and growth? Revisit talent often to plan for next steps. | T37: Yes | U37: Elizabeth Benker | V37: Elizabeth Benker
A38: 104041 | B38: Jarrod Thuener | C38: Sr. Product Manager | D38: Sr. Professional, Product Management-USA | E38: Sr. Professional, Product Management-USA | F38: PT3 - Sr. Professional | G38: 44733 | H38: 3 - 5 Years | I38: 2 year(s), 10 month(s), 16 day(s) | J38: Solid | K38: Strong | L38: Medium | M38: Medium | N38: {=IF(OR(L38="",M38=""),"", IF(OR(ISNA(MATCH(L38,{"Low","Medium","High"},0)), ISNA(MATCH(M38,{"Low","Medium","High"},0))),"",_xlfn.SWITCH(L38,"Low",1,"Medium",2,"High",3) + 3 * _xlfn.SWITCH(M38,"Low",1,"Medium",2,"High",3) - 3))} -> 5 | O38: 5. Core Talent | P38: =IFERROR(VLOOKUP(O38,'Excel Table (Do Not Format)'!A:D,2,FALSE),"") -> Core Talent [M,M] | Q38: =IFERROR(VLOOKUP(O38,'Excel Table (Do Not Format)'!A:D,3,FALSE),"") -> identify performance barriers, explore portential to expand responsibilties in current role and discuss career aspirations (ideally for talent new in role) | R38: =IFERROR(VLOOKUP(O38,'Excel Table (Do Not Format)'!A:D,4,FALSE),"") -> Develop in Role - Identify developmental activities to continue to grow their skill and set them up for success for anticiapted progression | T38: No | U38: Kate Butcher | V38: Chad Thompson | W38: Kate Butcher
A39: 102723 | B39: JASON GAYLORD | C39: UX Researcher | D39: Professional, UI/UX Researcher-USA | E39: Professional, UI/UX Researcher-USA | F39: PT2 - Professional | G39: 44487 | H39: 3 - 5 Years | I39: 4 year(s), 1 month(s), 1 day(s) | J39: Solid | K39: Strong | L39: High | M39: Medium | N39: {=IF(OR(L39="",M39=""),"", IF(OR(ISNA(MATCH(L39,{"Low","Medium","High"},0)), ISNA(MATCH(M39,{"Low","Medium","High"},0))),"",_xlfn.SWITCH(L39,"Low",1,"Medium",2,"High",3) + 3 * _xlfn.SWITCH(M39,"Low",1,"Medium",2,"High",3) - 3))} -> 6 | O39: 9.Top Talent | P39: =IFERROR(VLOOKUP(O39,'Excel Table (Do Not Format)'!A:D,2,FALSE),"") -> Top Talent [H,H] | Q39: =IFERROR(VLOOKUP(O39,'Excel Table (Do Not Format)'!A:D,3,FALSE),"") -> identify stretch experiences or temporary assignments, increase executive exposure | R39: =IFERROR(VLOOKUP(O39,'Excel Table (Do Not Format)'!A:D,4,FALSE),"") -> Differentially Invest - Ensure career discussions are happening regualrly? Do they have an individual development plan? What opportunities exist to accelerate development and growth? Revisit talent often to plan for next steps. | S39: Has been operating at a senior level - supporting the Canvas pillar. Great soft skills, fantatsic team player, strong research skills. Strong positive feedback from other UXR, Design and PM on his work. | T39: Yes | U39: Olga Ziegelman | V39: Elizabeth Benker | W39: Erin Howard
A40: 106369 | B40: Jay Shipley | C40: Sr. Principal Product Manager | D40: Sr. Principal, Product Management-USA | E40: Sr. Principal, Product Management-USA | F40: PT6 - Sr. Principal | G40: 45943 | H40: 0 - 3 Months | I40: 0 year(s), 1 month(s), 6 day(s) | O40: 5. Core Talent | P40: =IFERROR(VLOOKUP(O40,'Excel Table (Do Not Format)'!A:D,2,FALSE),"") -> Core Talent [M,M] | Q40: =IFERROR(VLOOKUP(O40,'Excel Table (Do Not Format)'!A:D,3,FALSE),"") -> identify performance barriers, explore portential to expand responsibilties in current role and discuss career aspirations (ideally for talent new in role) | R40: =IFERROR(VLOOKUP(O40,'Excel Table (Do Not Format)'!A:D,4,FALSE),"") -> Develop in Role - Identify developmental activities to continue to grow their skill and set them up for success for anticiapted progression | U40: Chad Thompson | V40: Chad Thompson
A41: 103074 | B41: Jinju Hopkins (On Leave) | C41: Lead Product Designer | D41: Advanced Professional, UI/UX Designer-AUS | E41: Advanced Professional, UI/UX Designer-AUS | F41: PT4 - Advanced Professional | G41: 44578 | H41: 3 - 5 Years | I41: 2 year(s), 8 month(s), 18 day(s) | J41: Strong | L41: Medium | M41: High | N41: {=IF(OR(L41="",M41=""),"", IF(OR(ISNA(MATCH(L41,{"Low","Medium","High"},0)), ISNA(MATCH(M41,{"Low","Medium","High"},0))),"",_xlfn.SWITCH(L41,"Low",1,"Medium",2,"High",3) + 3 * _xlfn.SWITCH(M41,"Low",1,"Medium",2,"High",3) - 3))} -> 8 | O41: 8. Growth Talent | P41: =IFERROR(VLOOKUP(O41,'Excel Table (Do Not Format)'!A:D,2,FALSE),"") -> Growth Talent [M,H] | Q41: =IFERROR(VLOOKUP(O41,'Excel Table (Do Not Format)'!A:D,3,FALSE),"") -> identify performance barriers, explore portential to expand responsibilties in current role | R41: =IFERROR(VLOOKUP(O41,'Excel Table (Do Not Format)'!A:D,4,FALSE),"") -> Differentially Invest - Ensure career discussions are happening regualrly? Do they have an individual development plan? What opportunities exist to accelerate development and growth? Revisit talent often to plan for next steps. | U41: Will Hurley | V41: Elizabeth Benker | W41: Will Hurley
A42: 104765 | B42: Jiří Peroutka | C42: Sr. Product Manager | D42: Sr. Professional, Product Management-CZE | E42: Sr. Professional, Product Management-CZE | F42: PT3 - Sr. Professional | G42: 44958 | H42: 2 - 3 Years | I42: 1 year(s), 8 month(s), 18 day(s) | J42: Strong | K42: Solid | L42: Low | M42: Medium | N42: {=IF(OR(L42="",M42=""),"", IF(OR(ISNA(MATCH(L42,{"Low","Medium","High"},0)), ISNA(MATCH(M42,{"Low","Medium","High"},0))),"",_xlfn.SWITCH(L42,"Low",1,"Medium",2,"High",3) + 3 * _xlfn.SWITCH(M42,"Low",1,"Medium",2,"High",3) - 3))} -> 4 | O42: 5. Core Talent | P42: =IFERROR(VLOOKUP(O42,'Excel Table (Do Not Format)'!A:D,2,FALSE),"") -> Core Talent [M,M] | Q42: =IFERROR(VLOOKUP(O42,'Excel Table (Do Not Format)'!A:D,3,FALSE),"") -> identify performance barriers, explore portential to expand responsibilties in current role and discuss career aspirations (ideally for talent new in role) | R42: =IFERROR(VLOOKUP(O42,'Excel Table (Do Not Format)'!A:D,4,FALSE),"") -> Develop in Role - Identify developmental activities to continue to grow their skill and set them up for success for anticiapted progression | T42: No | U42: Rachel Howard | V42: Laura Williams Argilla | W42: Rachel Howard
A43: 100807 | B43: Joanna Hoge | C43: Lead Product Designer | D43: Advanced Professional, UI/UX Designer-USA | E43: Advanced Professional, UI/UX Designer-USA | F43: PT4 - Advanced Professional | G43: 43724 | H43: 5 - 10 Years | I43: 2 year(s), 8 month(s), 14 day(s) | J43: Strong | K43: Strong | L43: Medium | M43: Medium | N43: {=IF(OR(L43="",M43=""),"", IF(OR(ISNA(MATCH(L43,{"Low","Medium","High"},0)), ISNA(MATCH(M43,{"Low","Medium","High"},0))),"",_xlfn.SWITCH(L43,"Low",1,"Medium",2,"High",3) + 3 * _xlfn.SWITCH(M43,"Low",1,"Medium",2,"High",3) - 3))} -> 5 | O43: 5. Core Talent | P43: =IFERROR(VLOOKUP(O43,'Excel Table (Do Not Format)'!A:D,2,FALSE),"") -> Core Talent [M,M] | Q43: =IFERROR(VLOOKUP(O43,'Excel Table (Do Not Format)'!A:D,3,FALSE),"") -> identify performance barriers, explore portential to expand responsibilties in current role and discuss career aspirations (ideally for talent new in role) | R43: =IFERROR(VLOOKUP(O43,'Excel Table (Do Not Format)'!A:D,4,FALSE),"") -> Develop in Role - Identify developmental activities to continue to grow their skill and set them up for success for anticiapted progression | S43: Will be on hold for a while goes on Maternity leave in February (performing as expected for P4 but has things to work on, not ready for P5) | T43: No | U43: Katie Fiscus | V43: Elizabeth Benker | W43: Katie Fiscus
A44: 102464 | B44: Joe Repucci | C44: Professional, UI/UX Designer-USA | D44: Professional, UI/UX Designer-USA | E44: Professional, UI/UX Designer-USA | F44: PT2 - Professional | G44: 44438 | H44: 3 - 5 Years | I44: 0 year(s), 1 month(s), 22 day(s) | J44: Strong | K44: Leading | L44: Medium | M44: Medium | N44: {=IF(OR(L44="",M44=""),"", IF(OR(ISNA(MATCH(L44,{"Low","Medium","High"},0)), ISNA(MATCH(M44,{"Low","Medium","High"},0))),"",_xlfn.SWITCH(L44,"Low",1,"Medium",2,"High",3) + 3 * _xlfn.SWITCH(M44,"Low",1,"Medium",2,"High",3) - 3))} -> 5 | O44: 1. Underperforming Talent | P44: =IFERROR(VLOOKUP(O44,'Excel Table (Do Not Format)'!A:D,2,FALSE),"") -> Underperforming Talent [L,L] | Q44: =IFERROR(VLOOKUP(O44,'Excel Table (Do Not Format)'!A:D,3,FALSE),"") -> re-assign or manage out of Alteryx | R44: =IFERROR(VLOOKUP(O44,'Excel Table (Do Not Format)'!A:D,4,FALSE),"") -> Make A Plan - Identify a plan to improve performance in partnership with HR | S44: PEP was introducted, departed on 11/24 (performing Low) | T44: No | U44: Katie Fiscus | V44: Elizabeth Benker | W44: Katie Fiscus
A45: 100632 | B45: Kateřina Rutová | C45: Technical Writer | D45: Professional, Technical Writer-CZE | E45: Professional, Technical Writer-CZE | F45: PT2 - Professional | G45: 44683 | H45: 3 - 5 Years | I45: 3 year(s), 6 month(s), 17 day(s) | J45: Solid | K45: Solid | L45: Medium | M45: Medium | N45: {=IF(OR(L45="",M45=""),"", IF(OR(ISNA(MATCH(L45,{"Low","Medium","High"},0)), ISNA(MATCH(M45,{"Low","Medium","High"},0))),"",_xlfn.SWITCH(L45,"Low",1,"Medium",2,"High",3) + 3 * _xlfn.SWITCH(M45,"Low",1,"Medium",2,"High",3) - 3))} -> 5 | O45: 5. Core Talent | P45: =IFERROR(VLOOKUP(O45,'Excel Table (Do Not Format)'!A:D,2,FALSE),"") -> Core Talent [M,M] | Q45: =IFERROR(VLOOKUP(O45,'Excel Table (Do Not Format)'!A:D,3,FALSE),"") -> identify performance barriers, explore portential to expand responsibilties in current role and discuss career aspirations (ideally for talent new in role) | R45: =IFERROR(VLOOKUP(O45,'Excel Table (Do Not Format)'!A:D,4,FALSE),"") -> Develop in Role - Identify developmental activities to continue to grow their skill and set them up for success for anticiapted progression | U45: Marcela Abrach | V45: Elizabeth Benker | W45: Marcela Abrach
A46: 102959 | B46: Kira Droganova | C46: Sr. Product Manager | D46: Sr. Professional, Product Management-CZE | E46: Sr. Professional, Product Management-CZE | F46: PT3 - Sr. Professional | G46: 44593 | H46: 3 - 5 Years | I46: 1 year(s), 2 month(s), 18 day(s) | J46: Strong | K46: Solid | L46: Medium | M46: Medium | N46: {=IF(OR(L46="",M46=""),"", IF(OR(ISNA(MATCH(L46,{"Low","Medium","High"},0)), ISNA(MATCH(M46,{"Low","Medium","High"},0))),"",_xlfn.SWITCH(L46,"Low",1,"Medium",2,"High",3) + 3 * _xlfn.SWITCH(M46,"Low",1,"Medium",2,"High",3) - 3))} -> 5 | O46: 5. Core Talent | P46: =IFERROR(VLOOKUP(O46,'Excel Table (Do Not Format)'!A:D,2,FALSE),"") -> Core Talent [M,M] | Q46: =IFERROR(VLOOKUP(O46,'Excel Table (Do Not Format)'!A:D,3,FALSE),"") -> identify performance barriers, explore portential to expand responsibilties in current role and discuss career aspirations (ideally for talent new in role) | R46: =IFERROR(VLOOKUP(O46,'Excel Table (Do Not Format)'!A:D,4,FALSE),"") -> Develop in Role - Identify developmental activities to continue to grow their skill and set them up for success for anticiapted progression | S46: Francois is currently the manager but Nicole will complete talent mapping/performance reviews for 2026 | T46: No | U46: Nicole Johnson (Francois Planet) | V46: Laura Williams Argilla | W46: Nicole Johnson
A47: 103397 | B47: Kit Lau | C47: Senior User Interface Designer | D47: Sr. Professional, UI/UX Designer-USA | E47: Sr. Professional, UI/UX Designer-USA | F47: PT3 - Sr. Professional | G47: 44599 | H47: 3 - 5 Years | I47: 3 year(s), 9 month(s), 12 day(s) | J47: Strong | K47: Strong | L47: Medium | M47: High | N47: {=IF(OR(L47="",M47=""),"", IF(OR(ISNA(MATCH(L47,{"Low","Medium","High"},0)), ISNA(MATCH(M47,{"Low","Medium","High"},0))),"",_xlfn.SWITCH(L47,"Low",1,"Medium",2,"High",3) + 3 * _xlfn.SWITCH(M47,"Low",1,"Medium",2,"High",3) - 3))} -> 8 | O47: 9.Top Talent | P47: =IFERROR(VLOOKUP(O47,'Excel Table (Do Not Format)'!A:D,2,FALSE),"") -> Top Talent [H,H] | Q47: =IFERROR(VLOOKUP(O47,'Excel Table (Do Not Format)'!A:D,3,FALSE),"") -> identify stretch experiences or temporary assignments, increase executive exposure | R47: =IFERROR(VLOOKUP(O47,'Excel Table (Do Not Format)'!A:D,4,FALSE),"") -> Differentially Invest - Ensure career discussions are happening regualrly? Do they have an individual development plan? What opportunities exist to accelerate development and growth? Revisit talent often to plan for next steps. | T47: Yes | U47: Elizabeth Cardinal | V47: Elizabeth Benker | W47: Elizabeth Cardinal
A48: 102065 | B48: Kyle Hamm | C48: Lead Product Designer | D48: Lead Product Designer | E48: Advanced Professional, UI/UX Designer-USA | F48: PT4 - Advanced Professional | G48: 44361 | H48: 3 - 5 Years | I48: 0 year(s), 5 month(s), 11 day(s) | J48: Solid | K48: Solid | L48: Medium | M48: Medium | N48: {=IF(OR(L48="",M48=""),"", IF(OR(ISNA(MATCH(L48,{"Low","Medium","High"},0)), ISNA(MATCH(M48,{"Low","Medium","High"},0))),"",_xlfn.SWITCH(L48,"Low",1,"Medium",2,"High",3) + 3 * _xlfn.SWITCH(M48,"Low",1,"Medium",2,"High",3) - 3))} -> 5 | O48: 6.High Impact Talent | P48: =IFERROR(VLOOKUP(O48,'Excel Table (Do Not Format)'!A:D,2,FALSE),"") -> High Impact Talent [H,M] | Q48: =IFERROR(VLOOKUP(O48,'Excel Table (Do Not Format)'!A:D,3,FALSE),"") -> expand responsibilities in current role, identify key experiences and increase executive exposure | R48: =IFERROR(VLOOKUP(O48,'Excel Table (Do Not Format)'!A:D,4,FALSE),"") -> Differentially Invest - Ensure career discussions are happening regualrly? Do they have an individual development plan? What opportunities exist to accelerate development and growth? Revisit talent often to plan for next steps. | S48: Will want to evaluate for next year on promotion (performing high for a P4) | T48: No | U48: Katie Fiscus | V48: Elizabeth Benker | W48: Katie Fiscus
A49: 101254 | B49: Kyle Waterworth | C49: Sr. Product Manager | D49: Sr. Professional, Product Management-USA | E49: Sr. Professional, Product Management-USA | F49: PT3 - Sr. Professional | G49: 43899 | H49: 5 - 10 Years | I49: 1 year(s), 1 month(s), 21 day(s) | J49: Strong | K49: Solid | L49: Medium | M49: Medium | N49: 5 | O49: 4. Inconsistent Talent | P49: =IFERROR(VLOOKUP(O49,'Excel Table (Do Not Format)'!A:D,2,FALSE),"") -> Inconsistent Talent [L,M] | Q49: =IFERROR(VLOOKUP(O49,'Excel Table (Do Not Format)'!A:D,3,FALSE),"") -> re-establish performance expectations in current role, drive performance and re-evaluate in 6-12 months | R49: =IFERROR(VLOOKUP(O49,'Excel Table (Do Not Format)'!A:D,4,FALSE),"") -> Evaluate Fit/Make A Plan - Identify a coaching plan to improve performance | U49: Elizabeth Cardinal | V49: Elizabeth Benker | W49: Elizabeth Cardinal
A50: 104925 | B50: Laine Caruzca | C50: Sr. Professional, Product Management-GBR | D50: Sr. Professional, Product Management-GBR | E50: Sr. Professional, Product Management-GBR | F50: PT3 - Sr. Professional | G50: 45078 | H50: 2 - 3 Years | I50: 0 year(s), 8 month(s), 6 day(s) | J50: Strong | K50: Strong | L50: Medium | M50: High | N50: {=IF(OR(L50="",M50=""),"", IF(OR(ISNA(MATCH(L50,{"Low","Medium","High"},0)), ISNA(MATCH(M50,{"Low","Medium","High"},0))),"",_xlfn.SWITCH(L50,"Low",1,"Medium",2,"High",3) + 3 * _xlfn.SWITCH(M50,"Low",1,"Medium",2,"High",3) - 3))} -> 8 | O50: 9.Top Talent | P50: =IFERROR(VLOOKUP(O50,'Excel Table (Do Not Format)'!A:D,2,FALSE),"") -> Top Talent [H,H] | Q50: =IFERROR(VLOOKUP(O50,'Excel Table (Do Not Format)'!A:D,3,FALSE),"") -> identify stretch experiences or temporary assignments, increase executive exposure | R50: =IFERROR(VLOOKUP(O50,'Excel Table (Do Not Format)'!A:D,4,FALSE),"") -> Differentially Invest - Ensure career discussions are happening regualrly? Do they have an individual development plan? What opportunities exist to accelerate development and growth? Revisit talent often to plan for next steps. | T50: Yes | U50: Kate Butcher | V50: Chad Thompson | W50: Chad Thompson
A51: 106327 | B51: Liana Ahn | C51: Product Designer | D51: Professional, UI/UX Designer-USA | E51: Professional, UI/UX Designer-USA | F51: PT2 - Professional | G51: 45922 | H51: 0 - 3 Months | I51: 0 year(s), 1 month(s), 28 day(s) | O51: 5. Core Talent | P51: =IFERROR(VLOOKUP(O51,'Excel Table (Do Not Format)'!A:D,2,FALSE),"") -> Core Talent [M,M] | Q51: =IFERROR(VLOOKUP(O51,'Excel Table (Do Not Format)'!A:D,3,FALSE),"") -> identify performance barriers, explore portential to expand responsibilties in current role and discuss career aspirations (ideally for talent new in role) | R51: =IFERROR(VLOOKUP(O51,'Excel Table (Do Not Format)'!A:D,4,FALSE),"") -> Develop in Role - Identify developmental activities to continue to grow their skill and set them up for success for anticiapted progression | S51: Even though early, strong indicator that she would be performing at P3 level in no time, after further onboarding. | T51: No | U51: Yujia Zhao | V51: Elizabeth Benker | W51: Yujia Zhao
A52: 102667 | B52: Lucy Durand | C52: Sr. Professional, UI/UX Researcher-USA | D52: Sr. Professional, UI/UX Researcher-USA | E52: Sr. Professional, UI/UX Researcher-USA | F52: PT3 - Sr. Professional | G52: 44494 | H52: 3 - 5 Years | I52: 2 year(s), 8 month(s), 14 day(s) | J52: Strong | K52: Strong | L52: Medium | M52: Medium | N52: {=IF(OR(L52="",M52=""),"", IF(OR(ISNA(MATCH(L52,{"Low","Medium","High"},0)), ISNA(MATCH(M52,{"Low","Medium","High"},0))),"",_xlfn.SWITCH(L52,"Low",1,"Medium",2,"High",3) + 3 * _xlfn.SWITCH(M52,"Low",1,"Medium",2,"High",3) - 3))} -> 5 | O52: 5. Core Talent | P52: =IFERROR(VLOOKUP(O52,'Excel Table (Do Not Format)'!A:D,2,FALSE),"") -> Core Talent [M,M] | Q52: =IFERROR(VLOOKUP(O52,'Excel Table (Do Not Format)'!A:D,3,FALSE),"") -> identify performance barriers, explore portential to expand responsibilties in current role and discuss career aspirations (ideally for talent new in role) | R52: =IFERROR(VLOOKUP(O52,'Excel Table (Do Not Format)'!A:D,4,FALSE),"") -> Develop in Role - Identify developmental activities to continue to grow their skill and set them up for success for anticiapted progression | T52: No | U52: Olga Ziegelman | V52: Elizabeth Benker | W52: Erin Howard | X52: Olga Ziegelman
A53: 105299 | B53: Manisha Jaiswal | C53: Senior Quantitative UX Researcher | D53: Sr. Professional, UI/UX Designer-IND | E53: Sr. Professional, UI/UX Designer-IND | F53: PT3 - Sr. Professional | G53: 45369 | H53: 19 - 24 Months | I53: 1 year(s), 8 month(s), 1 day(s) | K53: Solid | L53: Medium | M53: Medium | N53: {=IF(OR(L53="",M53=""),"", IF(OR(ISNA(MATCH(L53,{"Low","Medium","High"},0)), ISNA(MATCH(M53,{"Low","Medium","High"},0))),"",_xlfn.SWITCH(L53,"Low",1,"Medium",2,"High",3) + 3 * _xlfn.SWITCH(M53,"Low",1,"Medium",2,"High",3) - 3))} -> 5 | O53: 2. Solid Talent | P53: =IFERROR(VLOOKUP(O53,'Excel Table (Do Not Format)'!A:D,2,FALSE),"") -> Solid Talent [M,L] | Q53: =IFERROR(VLOOKUP(O53,'Excel Table (Do Not Format)'!A:D,3,FALSE),"") -> consider expanding current role, explore lateral/development opportunities | R53: =IFERROR(VLOOKUP(O53,'Excel Table (Do Not Format)'!A:D,4,FALSE),"") -> Develop in Role - Identify developmental activities to continue to grow their skill and set them up for success for anticiapted progression | S53: From Erin: not aligned ont his assessment. Think this should be scored down. Very motivated, trying hard but struggling with soft skills. Operating on a mid level more than the senior than she is. Have been coaching, focusing on communication and stakeholder management. | T53: No | U53: Olga Ziegelman | V53: Elizabeth Benker | W53: Erin Howard | X53: Olga Ziegelman
A54: 105362 | B54: Manoj Ramachandran | C54: Senior Product Manager | D54: Sr. Professional, Product Management-IND | E54: Sr. Professional, Product Management-IND | F54: PT3 - Sr. Professional | G54: 45453 | H54: 13 - 18 Months | I54: 1 year(s), 5 month(s), 9 day(s) | K54: Solid | L54: Medium | M54: Medium | N54: {=IF(OR(L54="",M54=""),"", IF(OR(ISNA(MATCH(L54,{"Low","Medium","High"},0)), ISNA(MATCH(M54,{"Low","Medium","High"},0))),"",_xlfn.SWITCH(L54,"Low",1,"Medium",2,"High",3) + 3 * _xlfn.SWITCH(M54,"Low",1,"Medium",2,"High",3) - 3))} -> 5 | O54: 4. Inconsistent Talent | P54: =IFERROR(VLOOKUP(O54,'Excel Table (Do Not Format)'!A:D,2,FALSE),"") -> Inconsistent Talent [L,M] | Q54: =IFERROR(VLOOKUP(O54,'Excel Table (Do Not Format)'!A:D,3,FALSE),"") -> re-establish performance expectations in current role, drive performance and re-evaluate in 6-12 months | R54: =IFERROR(VLOOKUP(O54,'Excel Table (Do Not Format)'!A:D,4,FALSE),"") -> Evaluate Fit/Make A Plan - Identify a coaching plan to improve performance | U54: Tomáš Mitana | V54: Chad Thompson
A55: 100436 | B55: Manuela Cardenas | C55: Sr. Product Manager | D55: Sr. Professional, Product Management-USA | E55: Sr. Professional, Product Management-USA | F55: PT3 - Sr. Professional | G55: 43843 | H55: 5 - 10 Years | I55: 2 year(s), 2 month(s), 12 day(s) | J55: Solid | L55: Medium | M55: Low | N55: {=IF(OR(L55="",M55=""),"", IF(OR(ISNA(MATCH(L55,{"Low","Medium","High"},0)), ISNA(MATCH(M55,{"Low","Medium","High"},0))),"",_xlfn.SWITCH(L55,"Low",1,"Medium",2,"High",3) + 3 * _xlfn.SWITCH(M55,"Low",1,"Medium",2,"High",3) - 3))} -> 2 | O55: 4. Inconsistent Talent | P55: =IFERROR(VLOOKUP(O55,'Excel Table (Do Not Format)'!A:D,2,FALSE),"") -> Inconsistent Talent [L,M] | Q55: =IFERROR(VLOOKUP(O55,'Excel Table (Do Not Format)'!A:D,3,FALSE),"") -> re-establish performance expectations in current role, drive performance and re-evaluate in 6-12 months | R55: =IFERROR(VLOOKUP(O55,'Excel Table (Do Not Format)'!A:D,4,FALSE),"") -> Evaluate Fit/Make A Plan - Identify a coaching plan to improve performance | T55: No | U55: Kate Butcher | V55: Chad Thompson | W55: Kate Butcher
A56: 105619 | B56: Manvith U S | C56: UX Designer | D56: Professional, UI/UX Designer-IND | E56: Professional, UI/UX Designer-IND | F56: PT2 - Professional | G56: 45551 | H56: 13 - 18 Months | I56: 1 year(s), 2 month(s), 3 day(s) | K56: Solid | L56: Low | M56: Medium | N56: {=IF(OR(L56="",M56=""),"", IF(OR(ISNA(MATCH(L56,{"Low","Medium","High"},0)), ISNA(MATCH(M56,{"Low","Medium","High"},0))),"",_xlfn.SWITCH(L56,"Low",1,"Medium",2,"High",3) + 3 * _xlfn.SWITCH(M56,"Low",1,"Medium",2,"High",3) - 3))} -> 4 | O56: 5. Core Talent | P56: =IFERROR(VLOOKUP(O56,'Excel Table (Do Not Format)'!A:D,2,FALSE),"") -> Core Talent [M,M] | Q56: =IFERROR(VLOOKUP(O56,'Excel Table (Do Not Format)'!A:D,3,FALSE),"") -> identify performance barriers, explore portential to expand responsibilties in current role and discuss career aspirations (ideally for talent new in role) | R56: =IFERROR(VLOOKUP(O56,'Excel Table (Do Not Format)'!A:D,4,FALSE),"") -> Develop in Role - Identify developmental activities to continue to grow their skill and set them up for success for anticiapted progression | S56: Manvith's performance in the past was somewhat inconsistent but showed a significant growth recently | T56: No | U56: Patrik Volek | V56: Elizabeth Benker | W56: Patrik Volek
A57: 2253 | B57: Marcin Zegrodzki | C57: Lead Product Manager | D57: Advanced Professional, Product Management-CZE | E57: Advanced Professional, Product Management-CZE | F57: PT4 - Advanced Professional | G57: 43374 | H57: 5 - 10 Years | I57: 0 year(s), 8 month(s), 18 day(s) | J57: Solid | K57: Strong | L57: Medium | M57: Medium | N57: {=IF(OR(L57="",M57=""),"", IF(OR(ISNA(MATCH(L57,{"Low","Medium","High"},0)), ISNA(MATCH(M57,{"Low","Medium","High"},0))),"",_xlfn.SWITCH(L57,"Low",1,"Medium",2,"High",3) + 3 * _xlfn.SWITCH(M57,"Low",1,"Medium",2,"High",3) - 3))} -> 5 | O57: 5. Core Talent | P57: =IFERROR(VLOOKUP(O57,'Excel Table (Do Not Format)'!A:D,2,FALSE),"") -> Core Talent [M,M] | Q57: =IFERROR(VLOOKUP(O57,'Excel Table (Do Not Format)'!A:D,3,FALSE),"") -> identify performance barriers, explore portential to expand responsibilties in current role and discuss career aspirations (ideally for talent new in role) | R57: =IFERROR(VLOOKUP(O57,'Excel Table (Do Not Format)'!A:D,4,FALSE),"") -> Develop in Role - Identify developmental activities to continue to grow their skill and set them up for success for anticiapted progression | T57: No | U57: Rachel Howard | V57: Laura Williams Argilla | W57: Rachel Howard
A58: 104252 | B58: Marija Livrinski | C58: Senior Product Manager | D58: Sr. Professional, Product Management-AUS | E58: Sr. Professional, Product Management-AUS | F58: PT3 - Sr. Professional | G58: 44795 | H58: 3 - 5 Years | I58: 3 year(s), 2 month(s), 28 day(s) | J58: Solid | K58: Leading | L58: Medium | M58: Medium | N58: {=IF(OR(L58="",M58=""),"", IF(OR(ISNA(MATCH(L58,{"Low","Medium","High"},0)), ISNA(MATCH(M58,{"Low","Medium","High"},0))),"",_xlfn.SWITCH(L58,"Low",1,"Medium",2,"High",3) + 3 * _xlfn.SWITCH(M58,"Low",1,"Medium",2,"High",3) - 3))} -> 5 | O58: 5. Core Talent | P58: =IFERROR(VLOOKUP(O58,'Excel Table (Do Not Format)'!A:D,2,FALSE),"") -> Core Talent [M,M] | Q58: =IFERROR(VLOOKUP(O58,'Excel Table (Do Not Format)'!A:D,3,FALSE),"") -> identify performance barriers, explore portential to expand responsibilties in current role and discuss career aspirations (ideally for talent new in role) | R58: =IFERROR(VLOOKUP(O58,'Excel Table (Do Not Format)'!A:D,4,FALSE),"") -> Develop in Role - Identify developmental activities to continue to grow their skill and set them up for success for anticiapted progression | U58: Robert D'Arrigo | V58: Chad Thompson | W58: Robert D'Arrigo
A59: 104712 | B59: Megan Harron | C59: Sr. Principal Product Manager | D59: Sr. Principal Product Manager | E59: Sr. Principal, Product Management-USA | F59: PT6 - Sr. Principal | G59: 44900 | H59: 2 - 3 Years | I59: 0 year(s), 5 month(s), 11 day(s) | J59: Strong | K59: Solid | L59: Medium | M59: Low | N59: {=IF(OR(L59="",M59=""),"", IF(OR(ISNA(MATCH(L59,{"Low","Medium","High"},0)), ISNA(MATCH(M59,{"Low","Medium","High"},0))),"",_xlfn.SWITCH(L59,"Low",1,"Medium",2,"High",3) + 3 * _xlfn.SWITCH(M59,"Low",1,"Medium",2,"High",3) - 3))} -> 2 | O59: 4. Inconsistent Talent | P59: =IFERROR(VLOOKUP(O59,'Excel Table (Do Not Format)'!A:D,2,FALSE),"") -> Inconsistent Talent [L,M] | Q59: =IFERROR(VLOOKUP(O59,'Excel Table (Do Not Format)'!A:D,3,FALSE),"") -> re-establish performance expectations in current role, drive performance and re-evaluate in 6-12 months | R59: =IFERROR(VLOOKUP(O59,'Excel Table (Do Not Format)'!A:D,4,FALSE),"") -> Evaluate Fit/Make A Plan - Identify a coaching plan to improve performance | T59: No | U59: Kate Butcher | V59: Chad Thompson | W59: Kate Butcher
A60: 104468 | B60: Meghan McCrory | C60: Sr. Professional, Product Management-USA | D60: Sr. Professional, Product Management-USA | E60: Sr. Professional, Product Management-USA | F60: PT3 - Sr. Professional | G60: 44830 | H60: 3 - 5 Years | I60: 0 year(s), 8 month(s), 17 day(s) | J60: Strong | K60: Leading | L60: Medium | M60: Medium | N60: {=IF(OR(L60="",M60=""),"", IF(OR(ISNA(MATCH(L60,{"Low","Medium","High"},0)), ISNA(MATCH(M60,{"Low","Medium","High"},0))),"",_xlfn.SWITCH(L60,"Low",1,"Medium",2,"High",3) + 3 * _xlfn.SWITCH(M60,"Low",1,"Medium",2,"High",3) - 3))} -> 5 | O60: 5. Core Talent | P60: =IFERROR(VLOOKUP(O60,'Excel Table (Do Not Format)'!A:D,2,FALSE),"") -> Core Talent [M,M] | Q60: =IFERROR(VLOOKUP(O60,'Excel Table (Do Not Format)'!A:D,3,FALSE),"") -> identify performance barriers, explore portential to expand responsibilties in current role and discuss career aspirations (ideally for talent new in role) | R60: =IFERROR(VLOOKUP(O60,'Excel Table (Do Not Format)'!A:D,4,FALSE),"") -> Develop in Role - Identify developmental activities to continue to grow their skill and set them up for success for anticiapted progression | S60: Promoted last year, continuing to meet and often exceed expectations | T60: No | U60: Lindsey Zibell | V60: Laura Williams Argilla | W60: Lindsey Zibell
A61: 106050 | B61: Michael Johnson | C61: Product Manager | D61: Professional, Product Management-USA | E61: Professional, Product Management-USA | F61: PT2 - Professional | G61: 45726 | H61: 7 - 9 Months | I61: 0 year(s), 8 month(s), 9 day(s) | L61: Medium | M61: Medium | N61: {=IF(OR(L61="",M61=""),"", IF(OR(ISNA(MATCH(L61,{"Low","Medium","High"},0)), ISNA(MATCH(M61,{"Low","Medium","High"},0))),"",_xlfn.SWITCH(L61,"Low",1,"Medium",2,"High",3) + 3 * _xlfn.SWITCH(M61,"Low",1,"Medium",2,"High",3) - 3))} -> 5 | O61: 5. Core Talent | P61: =IFERROR(VLOOKUP(O61,'Excel Table (Do Not Format)'!A:D,2,FALSE),"") -> Core Talent [M,M] | Q61: =IFERROR(VLOOKUP(O61,'Excel Table (Do Not Format)'!A:D,3,FALSE),"") -> identify performance barriers, explore portential to expand responsibilties in current role and discuss career aspirations (ideally for talent new in role) | R61: =IFERROR(VLOOKUP(O61,'Excel Table (Do Not Format)'!A:D,4,FALSE),"") -> Develop in Role - Identify developmental activities to continue to grow their skill and set them up for success for anticiapted progression | U61: Chad Thompson | V61: Chad Thompson | W61: Chad Thompson
A62: 1280 | B62: Mike Akey | C62: Sr. Professional, Product Management-USA | D62: Sr. Professional, Product Management-USA | E62: Sr. Professional, Product Management-USA | F62: PT3 - Sr. Professional | G62: 41715 | H62: 10 - 15 Years | I62: 1 year(s), 8 month(s), 16 day(s) | J62: Strong | K62: Leading | L62: Medium | M62: Medium | N62: {=IF(OR(L62="",M62=""),"", IF(OR(ISNA(MATCH(L62,{"Low","Medium","High"},0)), ISNA(MATCH(M62,{"Low","Medium","High"},0))),"",_xlfn.SWITCH(L62,"Low",1,"Medium",2,"High",3) + 3 * _xlfn.SWITCH(M62,"Low",1,"Medium",2,"High",3) - 3))} -> 5 | O62: 5. Core Talent | P62: =IFERROR(VLOOKUP(O62,'Excel Table (Do Not Format)'!A:D,2,FALSE),"") -> Core Talent [M,M] | Q62: =IFERROR(VLOOKUP(O62,'Excel Table (Do Not Format)'!A:D,3,FALSE),"") -> identify performance barriers, explore portential to expand responsibilties in current role and discuss career aspirations (ideally for talent new in role) | R62: =IFERROR(VLOOKUP(O62,'Excel Table (Do Not Format)'!A:D,4,FALSE),"") -> Develop in Role - Identify developmental activities to continue to grow their skill and set them up for success for anticiapted progression | T62: No | U62: Nicole Johnson | V62: Laura Williams Argilla | W62: Nicole Johnson
A63: 104112 | B63: Monique Barbour | C63: Professional, Product Management-USA | D63: Professional, Product Management-USA | E63: Professional, Product Management-USA | F63: PT2 - Professional | G63: 44760 | H63: 3 - 5 Years | I63: 0 year(s), 8 month(s), 17 day(s) | J63: Solid | K63: Strong | L63: Low | M63: Medium | N63: {=IF(OR(L63="",M63=""),"", IF(OR(ISNA(MATCH(L63,{"Low","Medium","High"},0)), ISNA(MATCH(M63,{"Low","Medium","High"},0))),"",_xlfn.SWITCH(L63,"Low",1,"Medium",2,"High",3) + 3 * _xlfn.SWITCH(M63,"Low",1,"Medium",2,"High",3) - 3))} -> 4 | O63: 5. Core Talent | P63: =IFERROR(VLOOKUP(O63,'Excel Table (Do Not Format)'!A:D,2,FALSE),"") -> Core Talent [M,M] | Q63: =IFERROR(VLOOKUP(O63,'Excel Table (Do Not Format)'!A:D,3,FALSE),"") -> identify performance barriers, explore portential to expand responsibilties in current role and discuss career aspirations (ideally for talent new in role) | R63: =IFERROR(VLOOKUP(O63,'Excel Table (Do Not Format)'!A:D,4,FALSE),"") -> Develop in Role - Identify developmental activities to continue to grow their skill and set them up for success for anticiapted progression | T63: No | U63: Rachel Howard | V63: Laura Williams Argilla | W63: Rachel Howard
A64: 100351 | B64: Nataliia Bondarchuk | C64: Sr. Professional, Product Management-UKR | D64: Sr. Professional, Product Management-UKR | E64: Sr. Professional, Product Management-UKR | F64: PT3 - Sr. Professional | G64: 43500 | H64: 5 - 10 Years | I64: 1 year(s), 8 month(s), 18 day(s) | J64: Leading | K64: Strong | L64: Medium | M64: Medium | N64: {=IF(OR(L64="",M64=""),"", IF(OR(ISNA(MATCH(L64,{"Low","Medium","High"},0)), ISNA(MATCH(M64,{"Low","Medium","High"},0))),"",_xlfn.SWITCH(L64,"Low",1,"Medium",2,"High",3) + 3 * _xlfn.SWITCH(M64,"Low",1,"Medium",2,"High",3) - 3))} -> 5 | O64: 6.High Impact Talent | P64: =IFERROR(VLOOKUP(O64,'Excel Table (Do Not Format)'!A:D,2,FALSE),"") -> High Impact Talent [H,M] | Q64: =IFERROR(VLOOKUP(O64,'Excel Table (Do Not Format)'!A:D,3,FALSE),"") -> expand responsibilities in current role, identify key experiences and increase executive exposure | R64: =IFERROR(VLOOKUP(O64,'Excel Table (Do Not Format)'!A:D,4,FALSE),"") -> Differentially Invest - Ensure career discussions are happening regualrly? Do they have an individual development plan? What opportunities exist to accelerate development and growth? Revisit talent often to plan for next steps. | T64: No | U64: Nicole Johnson | V64: Laura Williams Argilla | W64: Nicole Johnson
A65: 103391 | B65: Nate Vaziri | C65: Principal, Technical Product Management - AI & Data | D65: Principal, Technical Product Management-USA | E65: Principal, Technical Product Management-USA | F65: PT5 - Principal | G65: 45936 | H65: 0 - 3 Months | I65: 0 year(s), 1 month(s), 13 day(s) | O65: 5. Core Talent | P65: =IFERROR(VLOOKUP(O65,'Excel Table (Do Not Format)'!A:D,2,FALSE),"") -> Core Talent [M,M] | Q65: =IFERROR(VLOOKUP(O65,'Excel Table (Do Not Format)'!A:D,3,FALSE),"") -> identify performance barriers, explore portential to expand responsibilties in current role and discuss career aspirations (ideally for talent new in role) | R65: =IFERROR(VLOOKUP(O65,'Excel Table (Do Not Format)'!A:D,4,FALSE),"") -> Develop in Role - Identify developmental activities to continue to grow their skill and set them up for success for anticiapted progression | T65: No | U65: Kate Butcher | V65: Chad Thompson | W65: Kate Butcher
A66: 103463 | B66: Nitin Grewal | C66: Sr. Principal, Product Management-DEU | D66: Sr. Principal, Product Management-DEU | E66: Sr. Principal, Product Management-DEU | F66: PT6 - Sr. Principal | G66: 44607 | H66: 3 - 5 Years | I66: 1 year(s), 8 month(s), 18 day(s) | J66: Leading | K66: Strong | L66: Medium | M66: Low | N66: {=IF(OR(L66="",M66=""),"", IF(OR(ISNA(MATCH(L66,{"Low","Medium","High"},0)), ISNA(MATCH(M66,{"Low","Medium","High"},0))),"",_xlfn.SWITCH(L66,"Low",1,"Medium",2,"High",3) + 3 * _xlfn.SWITCH(M66,"Low",1,"Medium",2,"High",3) - 3))} -> 2 | O66: 5. Core Talent | P66: =IFERROR(VLOOKUP(O66,'Excel Table (Do Not Format)'!A:D,2,FALSE),"") -> Core Talent [M,M] | Q66: =IFERROR(VLOOKUP(O66,'Excel Table (Do Not Format)'!A:D,3,FALSE),"") -> identify performance barriers, explore portential to expand responsibilties in current role and discuss career aspirations (ideally for talent new in role) | R66: =IFERROR(VLOOKUP(O66,'Excel Table (Do Not Format)'!A:D,4,FALSE),"") -> Develop in Role - Identify developmental activities to continue to grow their skill and set them up for success for anticiapted progression | S66: Francois is currently the manager but Nicole will complete talent mapping/performance reviews for 2026 | T66: No | U66: Nicole Johnson (Francois Planet) | V66: Laura Williams Argilla | W66: Nicole Johnson
A67: 105665 | B67: Omkar Punuru | C67: Senior Program Manager | D67: Sr. Professional, Technical Program Management-IND | E67: Sr. Professional, Technical Program Management-IND | F67: PT3 - Sr. Professional | G67: 45579 | H67: 13 - 18 Months | I67: 1 year(s), 1 month(s), 5 day(s) | L67: Medium | M67: Medium | N67: {=IF(OR(L67="",M67=""),"", IF(OR(ISNA(MATCH(L67,{"Low","Medium","High"},0)), ISNA(MATCH(M67,{"Low","Medium","High"},0))),"",_xlfn.SWITCH(L67,"Low",1,"Medium",2,"High",3) + 3 * _xlfn.SWITCH(M67,"Low",1,"Medium",2,"High",3) - 3))} -> 5 | O67: 5. Core Talent | P67: =IFERROR(VLOOKUP(O67,'Excel Table (Do Not Format)'!A:D,2,FALSE),"") -> Core Talent [M,M] | Q67: =IFERROR(VLOOKUP(O67,'Excel Table (Do Not Format)'!A:D,3,FALSE),"") -> identify performance barriers, explore portential to expand responsibilties in current role and discuss career aspirations (ideally for talent new in role) | R67: =IFERROR(VLOOKUP(O67,'Excel Table (Do Not Format)'!A:D,4,FALSE),"") -> Develop in Role - Identify developmental activities to continue to grow their skill and set them up for success for anticiapted progression | S67: Has steadily improved with increased automony in assignments. | T67: No | U67: Carolyn Blanco Losada | V67: Elizabeth Benker | W67: Erin Howard | X67: Carolyn Blanco Losada
A68: 101555 | B68: Pavel Pankov | C68: Lead Product Manager | D68: Advanced Professional, Product Management-CZE | E68: Advanced Professional, Product Management-CZE | F68: PT4 - Advanced Professional | G68: 44683 | H68: 3 - 5 Years | I68: 0 year(s), 2 month(s), 18 day(s) | J68: Solid | K68: Strong | L68: High | M68: Medium | N68: {=IF(OR(L68="",M68=""),"", IF(OR(ISNA(MATCH(L68,{"Low","Medium","High"},0)), ISNA(MATCH(M68,{"Low","Medium","High"},0))),"",_xlfn.SWITCH(L68,"Low",1,"Medium",2,"High",3) + 3 * _xlfn.SWITCH(M68,"Low",1,"Medium",2,"High",3) - 3))} -> 6 | O68: 6.High Impact Talent | P68: =IFERROR(VLOOKUP(O68,'Excel Table (Do Not Format)'!A:D,2,FALSE),"") -> High Impact Talent [H,M] | Q68: =IFERROR(VLOOKUP(O68,'Excel Table (Do Not Format)'!A:D,3,FALSE),"") -> expand responsibilities in current role, identify key experiences and increase executive exposure | R68: =IFERROR(VLOOKUP(O68,'Excel Table (Do Not Format)'!A:D,4,FALSE),"") -> Differentially Invest - Ensure career discussions are happening regualrly? Do they have an individual development plan? What opportunities exist to accelerate development and growth? Revisit talent often to plan for next steps. | U68: Tomáš Mitana | V68: Chad Thompson | W68: Tomáš Mitana
A69: 101721 | B69: Peter Ott | C69: Lead Product Manager | D69: Lead Product Manager | E69: Advanced Professional, Product Management-USA | F69: PT4 - Advanced Professional | G69: 44277 | H69: 3 - 5 Years | I69: 4 year(s), 0 month(s), 11 day(s) | J69: Strong | K69: Leading | L69: Medium | M69: High | N69: {=IF(OR(L69="",M69=""),"", IF(OR(ISNA(MATCH(L69,{"Low","Medium","High"},0)), ISNA(MATCH(M69,{"Low","Medium","High"},0))),"",_xlfn.SWITCH(L69,"Low",1,"Medium",2,"High",3) + 3 * _xlfn.SWITCH(M69,"Low",1,"Medium",2,"High",3) - 3))} -> 8 | O69: 9.Top Talent | P69: =IFERROR(VLOOKUP(O69,'Excel Table (Do Not Format)'!A:D,2,FALSE),"") -> Top Talent [H,H] | Q69: =IFERROR(VLOOKUP(O69,'Excel Table (Do Not Format)'!A:D,3,FALSE),"") -> identify stretch experiences or temporary assignments, increase executive exposure | R69: =IFERROR(VLOOKUP(O69,'Excel Table (Do Not Format)'!A:D,4,FALSE),"") -> Differentially Invest - Ensure career discussions are happening regualrly? Do they have an individual development plan? What opportunities exist to accelerate development and growth? Revisit talent often to plan for next steps. | S69: Discussed at July onsite, known flight risk, has gotten the sponsorship of Laura; had an interpersonal conflict that was fully resolved as per follow up by multiple people; expecting to submit for promotion this cycle | T69: Yes | U69: Lindsey Zibell | V69: Laura Williams Argilla | W69: Lindsey Zibell
A70: 105334 | B70: Pranjal Uday | C70: UX Designer | D70: Professional, UI/UX Designer-IND | E70: Professional, UI/UX Designer-IND | F70: PT2 - Professional | G70: 45446 | H70: 13 - 18 Months | I70: 1 year(s), 5 month(s), 16 day(s) | K70: Solid | L70: Medium | M70: High | N70: {=IF(OR(L70="",M70=""),"", IF(OR(ISNA(MATCH(L70,{"Low","Medium","High"},0)), ISNA(MATCH(M70,{"Low","Medium","High"},0))),"",_xlfn.SWITCH(L70,"Low",1,"Medium",2,"High",3) + 3 * _xlfn.SWITCH(M70,"Low",1,"Medium",2,"High",3) - 3))} -> 8 | O70: 8. Growth Talent | P70: =IFERROR(VLOOKUP(O70,'Excel Table (Do Not Format)'!A:D,2,FALSE),"") -> Growth Talent [M,H] | Q70: =IFERROR(VLOOKUP(O70,'Excel Table (Do Not Format)'!A:D,3,FALSE),"") -> identify performance barriers, explore portential to expand responsibilties in current role | R70: =IFERROR(VLOOKUP(O70,'Excel Table (Do Not Format)'!A:D,4,FALSE),"") -> Differentially Invest - Ensure career discussions are happening regualrly? Do they have an individual development plan? What opportunities exist to accelerate development and growth? Revisit talent often to plan for next steps. | S70: Pranjal was very senior mid designer from the time he was hired. Since then he only strengthen his impact and expertise. I can rely on him with complex projects and I think he is ready for Sr. | T70: Yes | U70: Patrik Volek | V70: Elizabeth Benker | W70: Patrik Volek
A71: 103289 | B71: Prashant Pathade | C71: Lead Product Analyst | D71: Advanced Professional, Technical Product Management-IND | E71: Advanced Professional, Technical Product Management-IND | F71: PT4 - Advanced Professional | G71: 44599 | H71: 3 - 5 Years | I71: 0 year(s), 8 month(s), 18 day(s) | J71: Strong | K71: Leading | L71: Medium | M71: Medium | N71: {=IF(OR(L71="",M71=""),"", IF(OR(ISNA(MATCH(L71,{"Low","Medium","High"},0)), ISNA(MATCH(M71,{"Low","Medium","High"},0))),"",_xlfn.SWITCH(L71,"Low",1,"Medium",2,"High",3) + 3 * _xlfn.SWITCH(M71,"Low",1,"Medium",2,"High",3) - 3))} -> 5 | O71: 5. Core Talent | P71: =IFERROR(VLOOKUP(O71,'Excel Table (Do Not Format)'!A:D,2,FALSE),"") -> Core Talent [M,M] | Q71: =IFERROR(VLOOKUP(O71,'Excel Table (Do Not Format)'!A:D,3,FALSE),"") -> identify performance barriers, explore portential to expand responsibilties in current role and discuss career aspirations (ideally for talent new in role) | R71: =IFERROR(VLOOKUP(O71,'Excel Table (Do Not Format)'!A:D,4,FALSE),"") -> Develop in Role - Identify developmental activities to continue to grow their skill and set them up for success for anticiapted progression | U71: Hitesh Bakutra | V71: Elizabeth Benker | W71: Erin Howard | X71: Hitesh Bakutra
A72: 106360 | B72: Quan To | C72: Sr. Principal Product Manager | D72: Sr. Principal, Product Management-USA | E72: Sr. Principal, Product Management-USA | F72: PT6 - Sr. Principal | G72: 45943 | H72: 0 - 3 Months | I72: 0 year(s), 1 month(s), 6 day(s) | O72: 5. Core Talent | P72: =IFERROR(VLOOKUP(O72,'Excel Table (Do Not Format)'!A:D,2,FALSE),"") -> Core Talent [M,M] | Q72: =IFERROR(VLOOKUP(O72,'Excel Table (Do Not Format)'!A:D,3,FALSE),"") -> identify performance barriers, explore portential to expand responsibilties in current role and discuss career aspirations (ideally for talent new in role) | R72: =IFERROR(VLOOKUP(O72,'Excel Table (Do Not Format)'!A:D,4,FALSE),"") -> Develop in Role - Identify developmental activities to continue to grow their skill and set them up for success for anticiapted progression | U72: Chad Thompson | V72: Chad Thompson
A73: 102873 | B73: Rachel Zolotov | C73: Sr. Product Designer | D73: Sr. Professional, UI/UX Designer-USA | E73: Sr. Professional, UI/UX Designer-USA | F73: PT3 - Sr. Professional | G73: 44529 | H73: 3 - 5 Years | I73: 1 year(s), 8 month(s), 16 day(s) | J73: Leading | K73: Strong | L73: High | M73: Medium | N73: {=IF(OR(L73="",M73=""),"", IF(OR(ISNA(MATCH(L73,{"Low","Medium","High"},0)), ISNA(MATCH(M73,{"Low","Medium","High"},0))),"",_xlfn.SWITCH(L73,"Low",1,"Medium",2,"High",3) + 3 * _xlfn.SWITCH(M73,"Low",1,"Medium",2,"High",3) - 3))} -> 6 | O73: 6.High Impact Talent | P73: =IFERROR(VLOOKUP(O73,'Excel Table (Do Not Format)'!A:D,2,FALSE),"") -> High Impact Talent [H,M] | Q73: =IFERROR(VLOOKUP(O73,'Excel Table (Do Not Format)'!A:D,3,FALSE),"") -> expand responsibilities in current role, identify key experiences and increase executive exposure | R73: =IFERROR(VLOOKUP(O73,'Excel Table (Do Not Format)'!A:D,4,FALSE),"") -> Differentially Invest - Ensure career discussions are happening regualrly? Do they have an individual development plan? What opportunities exist to accelerate development and growth? Revisit talent often to plan for next steps. | T73: No | U73: Yujia Zhao | V73: Elizabeth Benker | W73: Yujia Zhao
A74: 102695 | B74: Raffaela Bethke | C74: Lead Product Manager | D74: Advanced Professional, Product Management-AUS | E74: Advanced Professional, Product Management-AUS | F74: PT4 - Advanced Professional | G74: 44476 | H74: 5 - 10 Years | I74: 2 year(s), 1 month(s), 18 day(s) | J74: Strong | K74: Strong | L74: Medium | M74: High | N74: {=IF(OR(L74="",M74=""),"", IF(OR(ISNA(MATCH(L74,{"Low","Medium","High"},0)), ISNA(MATCH(M74,{"Low","Medium","High"},0))),"",_xlfn.SWITCH(L74,"Low",1,"Medium",2,"High",3) + 3 * _xlfn.SWITCH(M74,"Low",1,"Medium",2,"High",3) - 3))} -> 8 | O74: 8. Growth Talent | P74: =IFERROR(VLOOKUP(O74,'Excel Table (Do Not Format)'!A:D,2,FALSE),"") -> Growth Talent [M,H] | Q74: =IFERROR(VLOOKUP(O74,'Excel Table (Do Not Format)'!A:D,3,FALSE),"") -> identify performance barriers, explore portential to expand responsibilties in current role | R74: =IFERROR(VLOOKUP(O74,'Excel Table (Do Not Format)'!A:D,4,FALSE),"") -> Differentially Invest - Ensure career discussions are happening regualrly? Do they have an individual development plan? What opportunities exist to accelerate development and growth? Revisit talent often to plan for next steps. | U74: Robert D'Arrigo | V74: Chad Thompson | W74: Robert D'Arrigo
A75: 105983 | B75: Rahul Sharma | C75: Product Analyst | D75: Professional, Technical Product Management-IND | E75: Professional, Technical Product Management-IND | F75: PT2 - Professional | G75: 45698 | H75: 7 - 9 Months | I75: 0 year(s), 9 month(s), 9 day(s) | L75: Medium | M75: Medium | N75: {=IF(OR(L75="",M75=""),"", IF(OR(ISNA(MATCH(L75,{"Low","Medium","High"},0)), ISNA(MATCH(M75,{"Low","Medium","High"},0))),"",_xlfn.SWITCH(L75,"Low",1,"Medium",2,"High",3) + 3 * _xlfn.SWITCH(M75,"Low",1,"Medium",2,"High",3) - 3))} -> 5 | O75: 5. Core Talent | P75: =IFERROR(VLOOKUP(O75,'Excel Table (Do Not Format)'!A:D,2,FALSE),"") -> Core Talent [M,M] | Q75: =IFERROR(VLOOKUP(O75,'Excel Table (Do Not Format)'!A:D,3,FALSE),"") -> identify performance barriers, explore portential to expand responsibilties in current role and discuss career aspirations (ideally for talent new in role) | R75: =IFERROR(VLOOKUP(O75,'Excel Table (Do Not Format)'!A:D,4,FALSE),"") -> Develop in Role - Identify developmental activities to continue to grow their skill and set them up for success for anticiapted progression | U75: Hitesh Bakutra | V75: Elizabeth Benker | W75: Erin Howard | X75: Hitesh Bakutra
A76: 106119 | B76: Rasim Muftiev | C76: Product Manager | D76: Professional, Product Management-CZE | E76: Professional, Product Management-CZE | F76: PT2 - Professional | G76: 45761 | H76: 7 - 9 Months | I76: 0 year(s), 7 month(s), 5 day(s) | L76: Medium | M76: High | N76: {=IF(OR(L76="",M76=""),"", IF(OR(ISNA(MATCH(L76,{"Low","Medium","High"},0)), ISNA(MATCH(M76,{"Low","Medium","High"},0))),"",_xlfn.SWITCH(L76,"Low",1,"Medium",2,"High",3) + 3 * _xlfn.SWITCH(M76,"Low",1,"Medium",2,"High",3) - 3))} -> 8 | O76: 9.Top Talent | P76: =IFERROR(VLOOKUP(O76,'Excel Table (Do Not Format)'!A:D,2,FALSE),"") -> Top Talent [H,H] | Q76: =IFERROR(VLOOKUP(O76,'Excel Table (Do Not Format)'!A:D,3,FALSE),"") -> identify stretch experiences or temporary assignments, increase executive exposure | R76: =IFERROR(VLOOKUP(O76,'Excel Table (Do Not Format)'!A:D,4,FALSE),"") -> Differentially Invest - Ensure career discussions are happening regualrly? Do they have an individual development plan? What opportunities exist to accelerate development and growth? Revisit talent often to plan for next steps. | T76: Yes | U76: Tomáš Mitana | V76: Chad Thompson | W76: Tomáš Mitana
A77: 1580 | B77: Rithi Son | C77: Sr. Professional, Product Management | D77: Sr. Professional, Product Management | E77: Sr. Professional, Product Management-USA | F77: PT3 - Sr. Professional | G77: 42443 | H77: 5 - 10 Years | I77: 0 year(s), 4 month(s), 3 day(s) | J77: Strong | K77: Strong | L77: Medium | M77: Medium | N77: {=IF(OR(L77="",M77=""),"", IF(OR(ISNA(MATCH(L77,{"Low","Medium","High"},0)), ISNA(MATCH(M77,{"Low","Medium","High"},0))),"",_xlfn.SWITCH(L77,"Low",1,"Medium",2,"High",3) + 3 * _xlfn.SWITCH(M77,"Low",1,"Medium",2,"High",3) - 3))} -> 5 | O77: 8. Growth Talent | P77: =IFERROR(VLOOKUP(O77,'Excel Table (Do Not Format)'!A:D,2,FALSE),"") -> Growth Talent [M,H] | Q77: =IFERROR(VLOOKUP(O77,'Excel Table (Do Not Format)'!A:D,3,FALSE),"") -> identify performance barriers, explore portential to expand responsibilties in current role | R77: =IFERROR(VLOOKUP(O77,'Excel Table (Do Not Format)'!A:D,4,FALSE),"") -> Differentially Invest - Ensure career discussions are happening regualrly? Do they have an individual development plan? What opportunities exist to accelerate development and growth? Revisit talent often to plan for next steps. | S77: Time in Job Profile reflects title change from TPM to PM in July, and is not indicative of an actual recent job change. Has been in current role for almost 2 years. | T77: No | U77: Nicole Johnson | V77: Laura Williams Argilla | W77: Nicole Johnson
A78: 106106 | B78: Rubaina Parveen | C78: Senior Technical Writer | D78: Sr. Professional, Technical Writer-IND | E78: Sr. Professional, Technical Writer-IND | F78: PT3 - Sr. Professional | G78: 45754 | H78: 7 - 9 Months | I78: 0 year(s), 7 month(s), 12 day(s) | L78: Medium | M78: Medium | N78: {=IF(OR(L78="",M78=""),"", IF(OR(ISNA(MATCH(L78,{"Low","Medium","High"},0)), ISNA(MATCH(M78,{"Low","Medium","High"},0))),"",_xlfn.SWITCH(L78,"Low",1,"Medium",2,"High",3) + 3 * _xlfn.SWITCH(M78,"Low",1,"Medium",2,"High",3) - 3))} -> 5 | O78: 5. Core Talent | P78: =IFERROR(VLOOKUP(O78,'Excel Table (Do Not Format)'!A:D,2,FALSE),"") -> Core Talent [M,M] | Q78: =IFERROR(VLOOKUP(O78,'Excel Table (Do Not Format)'!A:D,3,FALSE),"") -> identify performance barriers, explore portential to expand responsibilties in current role and discuss career aspirations (ideally for talent new in role) | R78: =IFERROR(VLOOKUP(O78,'Excel Table (Do Not Format)'!A:D,4,FALSE),"") -> Develop in Role - Identify developmental activities to continue to grow their skill and set them up for success for anticiapted progression | U78: Marcela Abrach | V78: Elizabeth Benker | W78: Marcela Abrach
A79: 100722 | B79: Sergii Muravskyi (Сергей Муравский) | C79: Sr. Professional, Product Management-UKR | D79: Sr. Professional, Product Management-UKR | E79: Sr. Professional, Product Management-UKR | F79: PT3 - Sr. Professional | G79: 43661 | H79: 5 - 10 Years | I79: 0 year(s), 0 month(s), 18 day(s) | J79: Strong | K79: Solid | L79: Medium | M79: Medium | N79: {=IF(OR(L79="",M79=""),"", IF(OR(ISNA(MATCH(L79,{"Low","Medium","High"},0)), ISNA(MATCH(M79,{"Low","Medium","High"},0))),"",_xlfn.SWITCH(L79,"Low",1,"Medium",2,"High",3) + 3 * _xlfn.SWITCH(M79,"Low",1,"Medium",2,"High",3) - 3))} -> 5 | O79: 5. Core Talent | P79: =IFERROR(VLOOKUP(O79,'Excel Table (Do Not Format)'!A:D,2,FALSE),"") -> Core Talent [M,M] | Q79: =IFERROR(VLOOKUP(O79,'Excel Table (Do Not Format)'!A:D,3,FALSE),"") -> identify performance barriers, explore portential to expand responsibilties in current role and discuss career aspirations (ideally for talent new in role) | R79: =IFERROR(VLOOKUP(O79,'Excel Table (Do Not Format)'!A:D,4,FALSE),"") -> Develop in Role - Identify developmental activities to continue to grow their skill and set them up for success for anticiapted progression | S79: Time in Job Profile reflects title change from TPM to PM in November, and is not indicative of an actual recent job change. Has been in current role for almost 5 years. Francois is currently the manager but Nicole will complete talent mapping/performance reviews for 2026 | T79: No | U79: Nicole Johnson (Francois Planet) | V79: Laura Williams Argilla | W79: Nicole Johnson
A80: 103293 | B80: Siddharth Shankar Prusty | C80: Lead Product Insight Analyst | D80: Advanced Professional, Technical Product Management-IND | E80: Advanced Professional, Technical Product Management-IND | F80: PT4 - Advanced Professional | G80: 44599 | H80: 3 - 5 Years | I80: 1 year(s), 2 month(s), 18 day(s) | J80: Leading | K80: Strong | L80: High | M80: High | N80: {=IF(OR(L80="",M80=""),"", IF(OR(ISNA(MATCH(L80,{"Low","Medium","High"},0)), ISNA(MATCH(M80,{"Low","Medium","High"},0))),"",_xlfn.SWITCH(L80,"Low",1,"Medium",2,"High",3) + 3 * _xlfn.SWITCH(M80,"Low",1,"Medium",2,"High",3) - 3))} -> 9 | O80: 9.Top Talent | P80: =IFERROR(VLOOKUP(O80,'Excel Table (Do Not Format)'!A:D,2,FALSE),"") -> Top Talent [H,H] | Q80: =IFERROR(VLOOKUP(O80,'Excel Table (Do Not Format)'!A:D,3,FALSE),"") -> identify stretch experiences or temporary assignments, increase executive exposure | R80: =IFERROR(VLOOKUP(O80,'Excel Table (Do Not Format)'!A:D,4,FALSE),"") -> Differentially Invest - Ensure career discussions are happening regualrly? Do they have an individual development plan? What opportunities exist to accelerate development and growth? Revisit talent often to plan for next steps. | U80: Hitesh Bakutra | V80: Elizabeth Benker | W80: Erin Howard | X80: Hitesh Bakutra
A81: 105980 | B81: Siddharth Vijayvergiya | C81: Principal, Product Management-IND | D81: Principal, Product Management-IND | E81: Principal, Product Management-IND | F81: PT5 - Principal | G81: 45693 | H81: 7 - 9 Months | I81: 0 year(s), 3 month(s), 15 day(s) | L81: Medium | M81: Medium | N81: {=IF(OR(L81="",M81=""),"", IF(OR(ISNA(MATCH(L81,{"Low","Medium","High"},0)), ISNA(MATCH(M81,{"Low","Medium","High"},0))),"",_xlfn.SWITCH(L81,"Low",1,"Medium",2,"High",3) + 3 * _xlfn.SWITCH(M81,"Low",1,"Medium",2,"High",3) - 3))} -> 5 | O81: 5. Core Talent | P81: =IFERROR(VLOOKUP(O81,'Excel Table (Do Not Format)'!A:D,2,FALSE),"") -> Core Talent [M,M] | Q81: =IFERROR(VLOOKUP(O81,'Excel Table (Do Not Format)'!A:D,3,FALSE),"") -> identify performance barriers, explore portential to expand responsibilties in current role and discuss career aspirations (ideally for talent new in role) | R81: =IFERROR(VLOOKUP(O81,'Excel Table (Do Not Format)'!A:D,4,FALSE),"") -> Develop in Role - Identify developmental activities to continue to grow their skill and set them up for success for anticiapted progression | U81: Tomáš Mitana | V81: Chad Thompson | W81: Tomáš Mitana
A82: 106110 | B82: Sourabh Rakhya | C82: Senior Product Manager | D82: Sr. Professional, Product Management-IND | E82: Sr. Professional, Product Management-IND | F82: PT3 - Sr. Professional | G82: 45754 | H82: 7 - 9 Months | I82: 0 year(s), 7 month(s), 12 day(s) | L82: Medium | M82: Medium | N82: {=IF(OR(L82="",M82=""),"", IF(OR(ISNA(MATCH(L82,{"Low","Medium","High"},0)), ISNA(MATCH(M82,{"Low","Medium","High"},0))),"",_xlfn.SWITCH(L82,"Low",1,"Medium",2,"High",3) + 3 * _xlfn.SWITCH(M82,"Low",1,"Medium",2,"High",3) - 3))} -> 5 | O82: 5. Core Talent | P82: =IFERROR(VLOOKUP(O82,'Excel Table (Do Not Format)'!A:D,2,FALSE),"") -> Core Talent [M,M] | Q82: =IFERROR(VLOOKUP(O82,'Excel Table (Do Not Format)'!A:D,3,FALSE),"") -> identify performance barriers, explore portential to expand responsibilties in current role and discuss career aspirations (ideally for talent new in role) | R82: =IFERROR(VLOOKUP(O82,'Excel Table (Do Not Format)'!A:D,4,FALSE),"") -> Develop in Role - Identify developmental activities to continue to grow their skill and set them up for success for anticiapted progression | U82: Robert D'Arrigo | V82: Chad Thompson | W82: Robert D'Arrigo
A83: 103904 | B83: Stanislava Sirockova | C83: Sr. UX Designer | D83: Sr. Professional, UI/UX Designer-CZE | E83: Sr. Professional, UI/UX Designer-CZE | F83: PT3 - Sr. Professional | G83: 44743 | H83: 3 - 5 Years | I83: 0 year(s), 2 month(s), 18 day(s) | J83: Strong | K83: Strong | L83: High | M83: High | N83: {=IF(OR(L83="",M83=""),"", IF(OR(ISNA(MATCH(L83,{"Low","Medium","High"},0)), ISNA(MATCH(M83,{"Low","Medium","High"},0))),"",_xlfn.SWITCH(L83,"Low",1,"Medium",2,"High",3) + 3 * _xlfn.SWITCH(M83,"Low",1,"Medium",2,"High",3) - 3))} -> 9 | O83: 5. Core Talent | P83: =IFERROR(VLOOKUP(O83,'Excel Table (Do Not Format)'!A:D,2,FALSE),"") -> Core Talent [M,M] | Q83: =IFERROR(VLOOKUP(O83,'Excel Table (Do Not Format)'!A:D,3,FALSE),"") -> identify performance barriers, explore portential to expand responsibilties in current role and discuss career aspirations (ideally for talent new in role) | R83: =IFERROR(VLOOKUP(O83,'Excel Table (Do Not Format)'!A:D,4,FALSE),"") -> Develop in Role - Identify developmental activities to continue to grow their skill and set them up for success for anticiapted progression | S83: Promoted recently. | T83: No | U83: Patrik Volek | V83: Elizabeth Benker | W83: Patrik Volek
A84: 105866 | B84: Sushanth Shajil | C84: Senior Product Designer | D84: Sr. Professional, UI/UX Designer-IND | E84: Sr. Professional, UI/UX Designer-IND | F84: PT3 - Sr. Professional | G84: 45663 | H84: 10 - 12 Months | I84: 0 year(s), 10 month(s), 13 day(s) | L84: Medium | M84: Low | N84: {=IF(OR(L84="",M84=""),"", IF(OR(ISNA(MATCH(L84,{"Low","Medium","High"},0)), ISNA(MATCH(M84,{"Low","Medium","High"},0))),"",_xlfn.SWITCH(L84,"Low",1,"Medium",2,"High",3) + 3 * _xlfn.SWITCH(M84,"Low",1,"Medium",2,"High",3) - 3))} -> 2 | O84: 2. Solid Talent | P84: =IFERROR(VLOOKUP(O84,'Excel Table (Do Not Format)'!A:D,2,FALSE),"") -> Solid Talent [M,L] | Q84: =IFERROR(VLOOKUP(O84,'Excel Table (Do Not Format)'!A:D,3,FALSE),"") -> consider expanding current role, explore lateral/development opportunities | R84: =IFERROR(VLOOKUP(O84,'Excel Table (Do Not Format)'!A:D,4,FALSE),"") -> Develop in Role - Identify developmental activities to continue to grow their skill and set them up for success for anticiapted progression | U84: Will Hurley | V84: Elizabeth Benker | W84: Will Hurley
A85: 105931 | B85: TANISHA BISWAS | C85: Design System Designer | D85: Professional, UI/UX Designer-IND | E85: Professional, UI/UX Designer-IND | F85: PT2 - Professional | G85: 45698 | H85: 7 - 9 Months | I85: 0 year(s), 9 month(s), 9 day(s) | L85: Medium | M85: Medium | N85: {=IF(OR(L85="",M85=""),"", IF(OR(ISNA(MATCH(L85,{"Low","Medium","High"},0)), ISNA(MATCH(M85,{"Low","Medium","High"},0))),"",_xlfn.SWITCH(L85,"Low",1,"Medium",2,"High",3) + 3 * _xlfn.SWITCH(M85,"Low",1,"Medium",2,"High",3) - 3))} -> 5 | O85: 5. Core Talent | P85: =IFERROR(VLOOKUP(O85,'Excel Table (Do Not Format)'!A:D,2,FALSE),"") -> Core Talent [M,M] | Q85: =IFERROR(VLOOKUP(O85,'Excel Table (Do Not Format)'!A:D,3,FALSE),"") -> identify performance barriers, explore portential to expand responsibilties in current role and discuss career aspirations (ideally for talent new in role) | R85: =IFERROR(VLOOKUP(O85,'Excel Table (Do Not Format)'!A:D,4,FALSE),"") -> Develop in Role - Identify developmental activities to continue to grow their skill and set them up for success for anticiapted progression | U85: Elizabeth Cardinal | V85: Elizabeth Benker | W85: Elizabeth Cardinal
A86: 101900 | B86: Taylor Neal | C86: Product Designer | D86: Professional, UI/UX Designer-USA | E86: Professional, UI/UX Designer-USA | F86: PT2 - Professional | G86: 45887 | H86: 0 - 3 Months | I86: 0 year(s), 3 month(s), 1 day(s) | J86: Solid | K86: Solid | N86: {=IF(OR(L86="",M86=""),"", IF(OR(ISNA(MATCH(L86,{"Low","Medium","High"},0)), ISNA(MATCH(M86,{"Low","Medium","High"},0))),"",_xlfn.SWITCH(L86,"Low",1,"Medium",2,"High",3) + 3 * _xlfn.SWITCH(M86,"Low",1,"Medium",2,"High",3) - 3))} | P86: =IFERROR(VLOOKUP(O86,'Excel Table (Do Not Format)'!A:D,2,FALSE),"") | Q86: =IFERROR(VLOOKUP(O86,'Excel Table (Do Not Format)'!A:D,3,FALSE),"") | R86: =IFERROR(VLOOKUP(O86,'Excel Table (Do Not Format)'!A:D,4,FALSE),"") | S86: Just hired in August, not eligible (high performer for a P2) | T86: No | U86: Katie Fiscus | V86: Elizabeth Benker | W86: Katie Fiscus
A87: 104147 | B87: Ted Schuchardt | C87: Sr. Principal Product Manager | D87: Sr. Principal Product Manager | E87: Sr. Principal, Product Management-USA | F87: PT6 - Sr. Principal | G87: 44753 | H87: 3 - 5 Years | I87: 0 year(s), 5 month(s), 11 day(s) | J87: Strong | K87: Strong | L87: Medium | M87: Medium | N87: {=IF(OR(L87="",M87=""),"", IF(OR(ISNA(MATCH(L87,{"Low","Medium","High"},0)), ISNA(MATCH(M87,{"Low","Medium","High"},0))),"",_xlfn.SWITCH(L87,"Low",1,"Medium",2,"High",3) + 3 * _xlfn.SWITCH(M87,"Low",1,"Medium",2,"High",3) - 3))} -> 5 | O87: 6.High Impact Talent | P87: =IFERROR(VLOOKUP(O87,'Excel Table (Do Not Format)'!A:D,2,FALSE),"") -> High Impact Talent [H,M] | Q87: =IFERROR(VLOOKUP(O87,'Excel Table (Do Not Format)'!A:D,3,FALSE),"") -> expand responsibilities in current role, identify key experiences and increase executive exposure | R87: =IFERROR(VLOOKUP(O87,'Excel Table (Do Not Format)'!A:D,4,FALSE),"") -> Differentially Invest - Ensure career discussions are happening regualrly? Do they have an individual development plan? What opportunities exist to accelerate development and growth? Revisit talent often to plan for next steps. | U87: Chad Thompson | V87: Chad Thompson | W87: Chad Thompson
A88: 106308 | B88: Tereza Novotna | C88: Senior Product Designer | D88: Sr. Professional, UI/UX Designer-CZE | E88: Sr. Professional, UI/UX Designer-CZE | F88: PT3 - Sr. Professional | G88: 45915 | H88: 0 - 3 Months | I88: 0 year(s), 2 month(s), 4 day(s) | K88: Strong | N88: {=IF(OR(L88="",M88=""),"", IF(OR(ISNA(MATCH(L88,{"Low","Medium","High"},0)), ISNA(MATCH(M88,{"Low","Medium","High"},0))),"",_xlfn.SWITCH(L88,"Low",1,"Medium",2,"High",3) + 3 * _xlfn.SWITCH(M88,"Low",1,"Medium",2,"High",3) - 3))} | P88: =IFERROR(VLOOKUP(O88,'Excel Table (Do Not Format)'!A:D,2,FALSE),"") | Q88: =IFERROR(VLOOKUP(O88,'Excel Table (Do Not Format)'!A:D,3,FALSE),"") | R88: =IFERROR(VLOOKUP(O88,'Excel Table (Do Not Format)'!A:D,4,FALSE),"") | S88: Just hired in September, not eligible (performing as expected for P3) | T88: No | U88: Katie Fiscus | V88: Elizabeth Benker | W88: Katie Fiscus
A89: 102284 | B89: Tomáš Beran | C89: Technical Writer | D89: Professional, Technical Writer-CZE | E89: Professional, Technical Writer-CZE | F89: PT2 - Professional | G89: 44410 | H89: 3 - 5 Years | I89: 4 year(s), 3 month(s), 17 day(s) | J89: Strong | K89: Strong | L89: Medium | M89: Medium | N89: {=IF(OR(L89="",M89=""),"", IF(OR(ISNA(MATCH(L89,{"Low","Medium","High"},0)), ISNA(MATCH(M89,{"Low","Medium","High"},0))),"",_xlfn.SWITCH(L89,"Low",1,"Medium",2,"High",3) + 3 * _xlfn.SWITCH(M89,"Low",1,"Medium",2,"High",3) - 3))} -> 5 | O89: 5. Core Talent | P89: =IFERROR(VLOOKUP(O89,'Excel Table (Do Not Format)'!A:D,2,FALSE),"") -> Core Talent [M,M] | Q89: =IFERROR(VLOOKUP(O89,'Excel Table (Do Not Format)'!A:D,3,FALSE),"") -> identify performance barriers, explore portential to expand responsibilties in current role and discuss career aspirations (ideally for talent new in role) | R89: =IFERROR(VLOOKUP(O89,'Excel Table (Do Not Format)'!A:D,4,FALSE),"") -> Develop in Role - Identify developmental activities to continue to grow their skill and set them up for success for anticiapted progression | U89: Marcela Abrach | V89: Elizabeth Benker | W89: Marcela Abrach
A90: 100564 | B90: Tonya Smith | C90: Sr. Professional, Product Management | D90: Sr. Professional, Product Management-USA | E90: Sr. Professional, Product Management-USA | F90: PT3 - Sr. Professional | G90: 43584 | H90: 5 - 10 Years | I90: 0 year(s), 3 month(s), 26 day(s) | J90: Strong | K90: Strong | L90: Low | M90: Medium | N90: {=IF(OR(L90="",M90=""),"", IF(OR(ISNA(MATCH(L90,{"Low","Medium","High"},0)), ISNA(MATCH(M90,{"Low","Medium","High"},0))),"",_xlfn.SWITCH(L90,"Low",1,"Medium",2,"High",3) + 3 * _xlfn.SWITCH(M90,"Low",1,"Medium",2,"High",3) - 3))} -> 4 | O90: 5. Core Talent | P90: =IFERROR(VLOOKUP(O90,'Excel Table (Do Not Format)'!A:D,2,FALSE),"") -> Core Talent [M,M] | Q90: =IFERROR(VLOOKUP(O90,'Excel Table (Do Not Format)'!A:D,3,FALSE),"") -> identify performance barriers, explore portential to expand responsibilties in current role and discuss career aspirations (ideally for talent new in role) | R90: =IFERROR(VLOOKUP(O90,'Excel Table (Do Not Format)'!A:D,4,FALSE),"") -> Develop in Role - Identify developmental activities to continue to grow their skill and set them up for success for anticiapted progression | T90: No | U90: Rachel Howard | V90: Laura Williams Argilla | W90: Rachel Howard
A91: 101274 | B91: Trevor Harris | C91: Principal, Product Management-USA | D91: Principal, Product Management-USA | E91: Principal, Product Management-USA | F91: PT5 - Principal | G91: 43906 | H91: 5 - 10 Years | I91: 0 year(s), 8 month(s), 17 day(s) | J91: Strong | K91: Leading | L91: High | M91: Medium | N91: {=IF(OR(L91="",M91=""),"", IF(OR(ISNA(MATCH(L91,{"Low","Medium","High"},0)), ISNA(MATCH(M91,{"Low","Medium","High"},0))),"",_xlfn.SWITCH(L91,"Low",1,"Medium",2,"High",3) + 3 * _xlfn.SWITCH(M91,"Low",1,"Medium",2,"High",3) - 3))} -> 6 | O91: 3. Expert Talent | P91: =IFERROR(VLOOKUP(O91,'Excel Table (Do Not Format)'!A:D,2,FALSE),"") -> Expert Talent [H,L] | Q91: =IFERROR(VLOOKUP(O91,'Excel Table (Do Not Format)'!A:D,3,FALSE),"") -> leverage experience to mentor and growth others | R91: =IFERROR(VLOOKUP(O91,'Excel Table (Do Not Format)'!A:D,4,FALSE),"") -> Develop in Role - Identify developmental activities to continue to grow their skill and set them up for success for anticiapted progression | U91: Chad Thompson | V91: Chad Thompson | W91: Chad Thompson
A92: 103656 | B92: Xenija Podjablonskaja (On Leave) | C92: Product Manager | D92: Professional, Product Management-CZE | E92: Professional, Product Management-CZE | F92: PT2 - Professional | G92: 44683 | H92: 3 - 5 Years | I92: 3 year(s), 6 month(s), 17 day(s) | J92: Solid | K92: Solid | N92: {=IF(OR(L92="",M92=""),"", IF(OR(ISNA(MATCH(L92,{"Low","Medium","High"},0)), ISNA(MATCH(M92,{"Low","Medium","High"},0))),"",_xlfn.SWITCH(L92,"Low",1,"Medium",2,"High",3) + 3 * _xlfn.SWITCH(M92,"Low",1,"Medium",2,"High",3) - 3))} | O92: 5. Core Talent | P92: =IFERROR(VLOOKUP(O92,'Excel Table (Do Not Format)'!A:D,2,FALSE),"") -> Core Talent [M,M] | Q92: =IFERROR(VLOOKUP(O92,'Excel Table (Do Not Format)'!A:D,3,FALSE),"") -> identify performance barriers, explore portential to expand responsibilties in current role and discuss career aspirations (ideally for talent new in role) | R92: =IFERROR(VLOOKUP(O92,'Excel Table (Do Not Format)'!A:D,4,FALSE),"") -> Develop in Role - Identify developmental activities to continue to grow their skill and set them up for success for anticiapted progression | U92: Rachel Howard | V92: Laura Williams Argilla | W92: Rachel Howard
A93: 104315 | B93: Ximena Arce | C93: Sr. Product Designer | D93: Sr. Professional, UI/UX Designer-USA | E93: Sr. Professional, UI/UX Designer-USA | F93: PT3 - Sr. Professional | G93: 44788 | H93: 3 - 5 Years | I93: 0 year(s), 2 month(s), 19 day(s) | J93: Strong | K93: Strong | L93: High | M93: Medium | N93: {=IF(OR(L93="",M93=""),"", IF(OR(ISNA(MATCH(L93,{"Low","Medium","High"},0)), ISNA(MATCH(M93,{"Low","Medium","High"},0))),"",_xlfn.SWITCH(L93,"Low",1,"Medium",2,"High",3) + 3 * _xlfn.SWITCH(M93,"Low",1,"Medium",2,"High",3) - 3))} -> 6 | O93: 5. Core Talent | P93: =IFERROR(VLOOKUP(O93,'Excel Table (Do Not Format)'!A:D,2,FALSE),"") -> Core Talent [M,M] | Q93: =IFERROR(VLOOKUP(O93,'Excel Table (Do Not Format)'!A:D,3,FALSE),"") -> identify performance barriers, explore portential to expand responsibilties in current role and discuss career aspirations (ideally for talent new in role) | R93: =IFERROR(VLOOKUP(O93,'Excel Table (Do Not Format)'!A:D,4,FALSE),"") -> Develop in Role - Identify developmental activities to continue to grow their skill and set them up for success for anticiapted progression | S93: Just got promotion | T93: No | U93: Yujia Zhao | V93: Elizabeth Benker | W93: Yujia Zhao

Sheet Excel Table (Do Not Format)
A1: EOY25 Talent Indicator | B1: Talent Mapping Position | C1: Development Focus | D1: Development Action
A2: 7. Emerging Talent/ Off-Track | B2: Emerging Talent/ Off-Track [L,H] | C2: drive performance in current role and re-evaluate in 6-12 months | D2: Evaluate Fit - What is causing them to underperform? Are they in the right role? Do they need a mentor and/or additional guidance?
A3: 4. Inconsistent Talent | B3: Inconsistent Talent [L,M] | C3: re-establish performance expectations in current role, drive performance and re-evaluate in 6-12 months | D3: Evaluate Fit/Make A Plan - Identify a coaching plan to improve performance
A4: 1. Underperforming Talent | B4: Underperforming Talent [L,L] | C4: re-assign or manage out of Alteryx | D4: Make A Plan - Identify a plan to improve performance in partnership with HR
A5: 8. Growth Talent | B5: Growth Talent [M,H] | C5: identify performance barriers, explore portential to expand responsibilties in current role | D5: Differentially Invest - Ensure career discussions are happening regualrly? Do they have an individual development plan? What opportunities exist to accelerate development and growth? Revisit talent often to plan for next steps.
A6: 5. Core Talent | B6: Core Talent [M,M] | C6: identify performance barriers, explore portential to expand responsibilties in current role and discuss career aspirations (ideally for talent new in role) | D6: Develop in Role - Identify developmental activities to continue to grow their skill and set them up for success for anticiapted progression
A7: 2. Solid Talent | B7: Solid Talent [M,L] | C7: consider expanding current role, explore lateral/development opportunities | D7: Develop in Role - Identify developmental activities to continue to grow their skill and set them up for success for anticiapted progression
A8: 9.Top Talent | B8: Top Talent [H,H] | C8: identify stretch experiences or temporary assignments, increase executive exposure | D8: Differentially Invest - Ensure career discussions are happening regualrly? Do they have an individual development plan? What opportunities exist to accelerate development and growth? Revisit talent often to plan for next steps.
A9: 6.High Impact Talent | B9: High Impact Talent [H,M] | C9: expand responsibilities in current role, identify key experiences and increase executive exposure | D9: Differentially Invest - Ensure career discussions are happening regualrly? Do they have an individual development plan? What opportunities exist to accelerate development and growth? Revisit talent often to plan for next steps.
A10: 3. Expert Talent | B10: Expert Talent [H,L] | C10: leverage experience to mentor and growth others | D10: Develop in Role - Identify developmental activities to continue to grow their skill and set them up for success for anticiapted progression

Sheet Pivot
A3: 9- Box Calibration | B3: Count of Worker | D3: Count of Worker
A4: Core Talent [M,M] | B4: 45 | D4: Talent Mapping Position [Performance vs Potential] | E4: Worker | F4: Total
A5: Expert Talent [H,L] | B5: 2 | D5: Core Talent [M,M] | E5: Adriana Rybarova | F5: 1
A6: Growth Talent [M,H] | B6: 10 | E6: Alexandra Zelinskaya | F6: 1
A7: High Impact Talent [H,M] | B7: 7 | E7: Alicia Beam | F7: 1
A8: Solid Talent [M,L] | B8: 3 | E8: Apurva Mathur | F8: 1
A9: Top Talent [H,H] | B9: 15 | E9: ARPIT VERMA | F9: 1
A10: Underperforming Talent [L,L] | B10: 3 | E10: Ashutosh Kumar | F10: 1
A11: (blank) | E11: Baneen Bryan | F11: 1
A12: Inconsistent Talent [L,M] | B12: 5 | E12: Bob Fraser | F12: 1
B13: 2 | E13: David Domagalski | F13: 1
A14: Grand Total | B14: 92 | E14: Gabe Keaveney | F14: 1
E15: Gayatri Kakarlapudi | F15: 1
E16: Geoffrey Zath | F16: 1
E17: Greg Filla (On Leave) | F17: 1
E18: HEMANTI PRADHAN | F18: 1
E19: Jarrod Thuener | F19: 1
E20: Jay Shipley | F20: 1
E21: Jiří Peroutka | F21: 1
E22: Joanna Hoge | F22: 1
E23: Kateřina Rutová | F23: 1
E24: Kira Droganova | F24: 1
E25: Liana Ahn | F25: 1
E26: Lucy Durand | F26: 1
... E49: Ximena Arce | F49: 1
D50: Core Talent [M,M] Total | F50: 45
D51: Expert Talent [H,L] | E51: Elad Idan | F51: 1
E52: Trevor Harris | F52: 1
D53: Expert Talent [H,L] Total | F53: 2
D54: Growth Talent [M,H] | E54: Agnimitra Pathak | F54: 1
E55: David Skala | F55: 1
E56: Dhiraj Sahu | F56: 1
E57: Gita Ligure | F57: 1
E58: Jinju Hopkins (On Leave) | F58: 1
E59: Kyle Hamm | F59: 1
E60: Peter Ott | F60: 1
E61: Pranjal Uday | F61: 1
E62: Raffaela Bethke | F62: 1
E63: Rithi Son | F63: 1
D64: Growth Talent [M,H] Total | F64: 10
D65: High Impact Talent [H,M] | E65: Aida Abbasi | F65: 1
E66: Emily Turner | F66: 1
E67: Ishita Gandhi | F67: 1
E68: Nataliia Bondarchuk | F68: 1
E69: Pavel Pankov | F69: 1
E70: Rachel Zolotov | F70: 1
E71: Ted Schuchardt | F71: 1
D72: High Impact Talent [H,M] Total | F72: 7
D73: Solid Talent [M,L] | E73: Charles Ash | F73: 1
E74: Manisha Jaiswal | F74: 1
E75: Sushanth Shajil | F75: 1
D76: Solid Talent [M,L] Total | F76: 3
D77: Top Talent [H,H] | E77: Adam Neylon | F77: 1
E78: Artem Pakhomov (Артём Пахомов) | F78: 1
E79: Brad Shaw | F79: 1
E80: Bryan Chan | F80: 1
E81: Bryce Laird | F81: 1
E82: Chirag Dadheech | F82: 1
E83: David Cooperberg | F83: 1
E84: Emily Davis (On Leave) | F84: 1
E85: Harsh Jiladiya | F85: 1
E86: Iryna Onishchuk (Ірина Оніщук) | F86: 1
E87: JASON GAYLORD | F87: 1
E88: Kit Lau | F88: 1
E89: Laine Caruzca | F89: 1
... E91: Siddharth Shankar Prusty | F91: 1
D92: Top Talent [H,H] Total | F92: 15
D93: Underperforming Talent [L,L] | E93: Andrew Lloyd | F93: 1
E94: Becca Lemmons (On Leave) | F94: 1
E95: Joe Repucci | F95: 1
D96: Underperforming Talent [L,L] Total | F96: 3
D97: (blank) | E97: (blank)
D98: (blank) Total
D99: Inconsistent Talent [L,M] | E99: AKASH S | F99: 1
E100: Kyle Waterworth (On Leave) | F100: 1
E101: Manoj Ramachandran | F101: 1
E102: Manuela Cardenas | F102: 1
E103: Megan Harron | F103: 1
D104: Inconsistent Talent [L,M] Total | F104: 5
E105: Taylor Neal | F105: 1
E106: Tereza Novotna | F106: 1
D107: Total | F107: 2
D108: Grand Total | F108: 92
